Workbook
Name AvailableTeachers: _xlfn.ANCHORARRAY(Teacher_Grid!$B$28)

Sheet Mastersheet
A2: Monday | B2: Class | C2: P1 | D2: P2 | E2: P3 | F2: P4 | G2: P5 | H2: P6 | I2: P7 | J2: P8
B3: 1a | C3: {=IF( INDIRECT("TT_"&$B3&"!"& ADDRESS( MATCH(LOOKUP(ROW($A3),ROW($A$1:$A3)/($A$1:$A3<>""),$A$1:$A3), {"Monday","Tuesday","Wednesday","Thursday","Friday","Saturday"},0)+1, COLUMN()-1 ) )="","", INDIRECT("TT_"&$B3&"!"& ADDRESS( MATCH(LOOKUP(ROW($A3),ROW($A$1:$A3)/($A$1:$A3<>""),$A$1:$A3), {"Monday","Tuesday","Wednesday","Thursday","Friday","Saturday"},0)+1, COLUMN()-1 ) ) & " (" & INDIRECT("TT_"&$B3&"!"& ADDRESS( MATCH(LOOKUP(ROW($A3),ROW($A$1:$A3)/($A$1:$A3<>""),$A$1:$A3), {"Monday","Tuesday","Wednesday","Thursday","Friday","Saturday"},0)+9, COLUMN()-1 ) ) & ")" )} -> Library (SP) | D3: {=IF( INDIRECT("TT_"&$B3&"!"& ADDRESS( MATCH(LOOKUP(ROW($A3),ROW($A$1:$A3)/($A$1:$A3<>""),$A$1:$A3), {"Monday","Tuesday","Wednesday","Thursday","Friday","Saturday"},0)+1, COLUMN()-1 ) )="","", INDIRECT("TT_"&$B3&"!"& ADDRESS( MATCH(LOOKUP(ROW($A3),ROW($A$1:$A3)/($A$1:$A3<>""),$A$1:$A3), {"Monday","Tuesday","Wednesday","Thursday","Friday","Saturday"},0)+1, COLUMN()-1 ) ) & " (" & INDIRECT("TT_"&$B3&"!"& ADDRESS( MATCH(LOOKUP(ROW($A3),ROW($A$1:$A3)/($A$1:$A3<>""),$A$1:$A3), {"Monday","Tuesday","Wednesday","Thursday","Friday","Saturday"},0)+9, COLUMN()-1 ) ) & ")" )} -> English_Lit (NM) | E3: {=IF( INDIRECT("TT_"&$B3&"!"& ADDRESS( MATCH(LOOKUP(ROW($A3),ROW($A$1:$A3)/($A$1:$A3<>""),$A$1:$A3), {"Monday","Tuesday","Wednesday","Thursday","Friday","Saturday"},0)+1, COLUMN()-1 ) )="","", INDIRECT("TT_"&$B3&"!"& ADDRESS( MATCH(LOOKUP(ROW($A3),ROW($A$1:$A3)/($A$1:$A3<>""),$A$1:$A3), {"Monday","Tuesday","Wednesday","Thursday","Friday","Saturday"},0)+1, COLUMN()-1 ) ) & " (" & INDIRECT("TT_"&$B3&"!"& ADDRESS( MATCH(LOOKUP(ROW($A3),ROW($A$1:$A3)/($A$1:$A3<>""),$A$1:$A3), {"Monday","Tuesday","Wednesday","Thursday","Friday","Saturday"},0)+9, COLUMN()-1 ) ) & ")" )} -> Maths (NM) | F3: {=IF( INDIRECT("TT_"&$B3&"!"& ADDRESS( MATCH(LOOKUP(ROW($A3),ROW($A$1:$A3)/($A$1:$A3<>""),$A$1:$A3), {"Monday","Tuesday","Wednesday","Thursday","Friday","Saturday"},0)+1, COLUMN()-1 ) )="","", INDIRECT("TT_"&$B3&"!"& ADDRESS( MATCH(LOOKUP(ROW($A3),ROW($A$1:$A3)/($A$1:$A3<>""),$A$1:$A3), {"Monday","Tuesday","Wednesday","Thursday","Friday","Saturday"},0)+1, COLUMN()-1 ) ) & " (" & INDIRECT("TT_"&$B3&"!"& ADDRESS( MATCH(LOOKUP(ROW($A3),ROW($A$1:$A3)/($A$1:$A3<>""),$A$1:$A3), {"Monday","Tuesday","Wednesday","Thursday","Friday","Saturday"},0)+9, COLUMN()-1 ) ) & ")" )} -> GK (NM) | G3: {=IF( INDIRECT("TT_"&$B3&"!"& ADDRESS( MATCH(LOOKUP(ROW($A3),ROW($A$1:$A3)/($A$1:$A3<>""),$A$1:$A3), {"Monday","Tuesday","Wednesday","Thursday","Friday","Saturday"},0)+1, COLUMN()-1 ) )="","", INDIRECT("TT_"&$B3&"!"& ADDRESS( MATCH(LOOKUP(ROW($A3),ROW($A$1:$A3)/($A$1:$A3<>""),$A$1:$A3), {"Monday","Tuesday","Wednesday","Thursday","Friday","Saturday"},0)+1, COLUMN()-1 ) ) & " (" & INDIRECT("TT_"&$B3&"!"& ADDRESS( MATCH(LOOKUP(ROW($A3),ROW($A$1:$A3)/($A$1:$A3<>""),$A$1:$A3), {"Monday","Tuesday","Wednesday","Thursday","Friday","Saturday"},0)+9, COLUMN()-1 ) ) & ")" )} -> EVS (NM) | H3: {=IF( INDIRECT("TT_"&$B3&"!"& ADDRESS( MATCH(LOOKUP(ROW($A3),ROW($A$1:$A3)/($A$1:$A3<>""),$A$1:$A3), {"Monday","Tuesday","Wednesday","Thursday","Friday","Saturday"},0)+1, COLUMN()-1 ) )="","", INDIRECT("TT_"&$B3&"!"& ADDRESS( MATCH(LOOKUP(ROW($A3),ROW($A$1:$A3)/($A$1:$A3<>""),$A$1:$A3), {"Monday","Tuesday","Wednesday","Thursday","Friday","Saturday"},0)+1, COLUMN()-1 ) ) & " (" & INDIRECT("TT_"&$B3&"!"& ADDRESS( MATCH(LOOKUP(ROW($A3),ROW($A$1:$A3)/($A$1:$A3<>""),$A$1:$A3), {"Monday","Tuesday","Wednesday","Thursday","Friday","Saturday"},0)+9, COLUMN()-1 ) ) & ")" )} -> A/C (MP) | I3: {=IF( INDIRECT("TT_"&$B3&"!"& ADDRESS( MATCH(LOOKUP(ROW($A3),ROW($A$1:$A3)/($A$1:$A3<>""),$A$1:$A3), {"Monday","Tuesday","Wednesday","Thursday","Friday","Saturday"},0)+1, COLUMN()-1 ) )="","", INDIRECT("TT_"&$B3&"!"& ADDRESS( MATCH(LOOKUP(ROW($A3),ROW($A$1:$A3)/($A$1:$A3<>""),$A$1:$A3), {"Monday","Tuesday","Wednesday","Thursday","Friday","Saturday"},0)+1, COLUMN()-1 ) ) & " (" & INDIRECT("TT_"&$B3&"!"& ADDRESS( MATCH(LOOKUP(ROW($A3),ROW($A$1:$A3)/($A$1:$A3<>""),$A$1:$A3), {"Monday","Tuesday","Wednesday","Thursday","Friday","Saturday"},0)+9, COLUMN()-1 ) ) & ")" )} -> Hindi_Lit (NM) | J3: {=IF( INDIRECT("TT_"&$B3&"!"& ADDRESS( MATCH(LOOKUP(ROW($A3),ROW($A$1:$A3)/($A$1:$A3<>""),$A$1:$A3), {"Monday","Tuesday","Wednesday","Thursday","Friday","Saturday"},0)+1, COLUMN()-1 ) )="","", INDIRECT("TT_"&$B3&"!"& ADDRESS( MATCH(LOOKUP(ROW($A3),ROW($A$1:$A3)/($A$1:$A3<>""),$A$1:$A3), {"Monday","Tuesday","Wednesday","Thursday","Friday","Saturday"},0)+1, COLUMN()-1 ) ) & " (" & INDIRECT("TT_"&$B3&"!"& ADDRESS( MATCH(LOOKUP(ROW($A3),ROW($A$1:$A3)/($A$1:$A3<>""),$A$1:$A3), {"Monday","Tuesday","Wednesday","Thursday","Friday","Saturday"},0)+9, COLUMN()-1 ) ) & ")" )} -> Dance (SL)
B4: 1b | C4: {=IF( INDIRECT("TT_"&$B4&"!"& ADDRESS( MATCH(LOOKUP(ROW($A4),ROW($A$1:$A4)/($A$1:$A4<>""),$A$1:$A4), {"Monday","Tuesday","Wednesday","Thursday","Friday","Saturday"},0)+1, COLUMN()-1 ) )="","", INDIRECT("TT_"&$B4&"!"& ADDRESS( MATCH(LOOKUP(ROW($A4),ROW($A$1:$A4)/($A$1:$A4<>""),$A$1:$A4), {"Monday","Tuesday","Wednesday","Thursday","Friday","Saturday"},0)+1, COLUMN()-1 ) ) & " (" & INDIRECT("TT_"&$B4&"!"& ADDRESS( MATCH(LOOKUP(ROW($A4),ROW($A$1:$A4)/($A$1:$A4<>""),$A$1:$A4), {"Monday","Tuesday","Wednesday","Thursday","Friday","Saturday"},0)+9, COLUMN()-1 ) ) & ")" )} -> Library (SP) | D4: {=IF( INDIRECT("TT_"&$B4&"!"& ADDRESS( MATCH(LOOKUP(ROW($A4),ROW($A$1:$A4)/($A$1:$A4<>""),$A$1:$A4), {"Monday","Tuesday","Wednesday","Thursday","Friday","Saturday"},0)+1, COLUMN()-1 ) )="","", INDIRECT("TT_"&$B4&"!"& ADDRESS( MATCH(LOOKUP(ROW($A4),ROW($A$1:$A4)/($A$1:$A4<>""),$A$1:$A4), {"Monday","Tuesday","Wednesday","Thursday","Friday","Saturday"},0)+1, COLUMN()-1 ) ) & " (" & INDIRECT("TT_"&$B4&"!"& ADDRESS( MATCH(LOOKUP(ROW($A4),ROW($A$1:$A4)/($A$1:$A4<>""),$A$1:$A4), {"Monday","Tuesday","Wednesday","Thursday","Friday","Saturday"},0)+9, COLUMN()-1 ) ) & ")" )} -> Dance (SL) | E4: {=IF( INDIRECT("TT_"&$B4&"!"& ADDRESS( MATCH(LOOKUP(ROW($A4),ROW($A$1:$A4)/($A$1:$A4<>""),$A$1:$A4), {"Monday","Tuesday","Wednesday","Thursday","Friday","Saturday"},0)+1, COLUMN()-1 ) )="","", INDIRECT("TT_"&$B4&"!"& ADDRESS( MATCH(LOOKUP(ROW($A4),ROW($A$1:$A4)/($A$1:$A4<>""),$A$1:$A4), {"Monday","Tuesday","Wednesday","Thursday","Friday","Saturday"},0)+1, COLUMN()-1 ) ) & " (" & INDIRECT("TT_"&$B4&"!"& ADDRESS( MATCH(LOOKUP(ROW($A4),ROW($A$1:$A4)/($A$1:$A4<>""),$A$1:$A4), {"Monday","Tuesday","Wednesday","Thursday","Friday","Saturday"},0)+9, COLUMN()-1 ) ) & ")" )} -> Computer (TP) | F4: {=IF( INDIRECT("TT_"&$B4&"!"& ADDRESS( MATCH(LOOKUP(ROW($A4),ROW($A$1:$A4)/($A$1:$A4<>""),$A$1:$A4), {"Monday","Tuesday","Wednesday","Thursday","Friday","Saturday"},0)+1, COLUMN()-1 ) )="","", INDIRECT("TT_"&$B4&"!"& ADDRESS( MATCH(LOOKUP(ROW($A4),ROW($A$1:$A4)/($A$1:$A4<>""),$A$1:$A4), {"Monday","Tuesday","Wednesday","Thursday","Friday","Saturday"},0)+1, COLUMN()-1 ) ) & " (" & INDIRECT("TT_"&$B4&"!"& ADDRESS( MATCH(LOOKUP(ROW($A4),ROW($A$1:$A4)/($A$1:$A4<>""),$A$1:$A4), {"Monday","Tuesday","Wednesday","Thursday","Friday","Saturday"},0)+9, COLUMN()-1 ) ) & ")" )} -> Maths (TP) | G4: {=IF( INDIRECT("TT_"&$B4&"!"& ADDRESS( MATCH(LOOKUP(ROW($A4),ROW($A$1:$A4)/($A$1:$A4<>""),$A$1:$A4), {"Monday","Tuesday","Wednesday","Thursday","Friday","Saturday"},0)+1, COLUMN()-1 ) )="","", INDIRECT("TT_"&$B4&"!"& ADDRESS( MATCH(LOOKUP(ROW($A4),ROW($A$1:$A4)/($A$1:$A4<>""),$A$1:$A4), {"Monday","Tuesday","Wednesday","Thursday","Friday","Saturday"},0)+1, COLUMN()-1 ) ) & " (" & INDIRECT("TT_"&$B4&"!"& ADDRESS( MATCH(LOOKUP(ROW($A4),ROW($A$1:$A4)/($A$1:$A4<>""),$A$1:$A4), {"Monday","Tuesday","Wednesday","Thursday","Friday","Saturday"},0)+9, COLUMN()-1 ) ) & ")" )} -> English_Lit (TP) | H4: {=IF( INDIRECT("TT_"&$B4&"!"& ADDRESS( MATCH(LOOKUP(ROW($A4),ROW($A$1:$A4)/($A$1:$A4<>""),$A$1:$A4), {"Monday","Tuesday","Wednesday","Thursday","Friday","Saturday"},0)+1, COLUMN()-1 ) )="","", INDIRECT("TT_"&$B4&"!"& ADDRESS( MATCH(LOOKUP(ROW($A4),ROW($A$1:$A4)/($A$1:$A4<>""),$A$1:$A4), {"Monday","Tuesday","Wednesday","Thursday","Friday","Saturday"},0)+1, COLUMN()-1 ) ) & " (" & INDIRECT("TT_"&$B4&"!"& ADDRESS( MATCH(LOOKUP(ROW($A4),ROW($A$1:$A4)/($A$1:$A4<>""),$A$1:$A4), {"Monday","Tuesday","Wednesday","Thursday","Friday","Saturday"},0)+9, COLUMN()-1 ) ) & ")" )} -> GK (TP) | I4: {=IF( INDIRECT("TT_"&$B4&"!"& ADDRESS( MATCH(LOOKUP(ROW($A4),ROW($A$1:$A4)/($A$1:$A4<>""),$A$1:$A4), {"Monday","Tuesday","Wednesday","Thursday","Friday","Saturday"},0)+1, COLUMN()-1 ) )="","", INDIRECT("TT_"&$B4&"!"& ADDRESS( MATCH(LOOKUP(ROW($A4),ROW($A$1:$A4)/($A$1:$A4<>""),$A$1:$A4), {"Monday","Tuesday","Wednesday","Thursday","Friday","Saturday"},0)+1, COLUMN()-1 ) ) & " (" & INDIRECT("TT_"&$B4&"!"& ADDRESS( MATCH(LOOKUP(ROW($A4),ROW($A$1:$A4)/($A$1:$A4<>""),$A$1:$A4), {"Monday","Tuesday","Wednesday","Thursday","Friday","Saturday"},0)+9, COLUMN()-1 ) ) & ")" )} -> Hindi_Lit (TP) | J4: {=IF( INDIRECT("TT_"&$B4&"!"& ADDRESS( MATCH(LOOKUP(ROW($A4),ROW($A$1:$A4)/($A$1:$A4<>""),$A$1:$A4), {"Monday","Tuesday","Wednesday","Thursday","Friday","Saturday"},0)+1, COLUMN()-1 ) )="","", INDIRECT("TT_"&$B4&"!"& ADDRESS( MATCH(LOOKUP(ROW($A4),ROW($A$1:$A4)/($A$1:$A4<>""),$A$1:$A4), {"Monday","Tuesday","Wednesday","Thursday","Friday","Saturday"},0)+1, COLUMN()-1 ) ) & " (" & INDIRECT("TT_"&$B4&"!"& ADDRESS( MATCH(LOOKUP(ROW($A4),ROW($A$1:$A4)/($A$1:$A4<>""),$A$1:$A4), {"Monday","Tuesday","Wednesday","Thursday","Friday","Saturday"},0)+9, COLUMN()-1 ) ) & ")" )} -> EVS (TP)
B5: 2a | C5: {=IF( INDIRECT("TT_"&$B5&"!"& ADDRESS( MATCH(LOOKUP(ROW($A5),ROW($A$1:$A5)/($A$1:$A5<>""),$A$1:$A5), {"Monday","Tuesday","Wednesday","Thursday","Friday","Saturday"},0)+1, COLUMN()-1 ) )="","", INDIRECT("TT_"&$B5&"!"& ADDRESS( MATCH(LOOKUP(ROW($A5),ROW($A$1:$A5)/($A$1:$A5<>""),$A$1:$A5), {"Monday","Tuesday","Wednesday","Thursday","Friday","Saturday"},0)+1, COLUMN()-1 ) ) & " (" & INDIRECT("TT_"&$B5&"!"& ADDRESS( MATCH(LOOKUP(ROW($A5),ROW($A$1:$A5)/($A$1:$A5<>""),$A$1:$A5), {"Monday","Tuesday","Wednesday","Thursday","Friday","Saturday"},0)+9, COLUMN()-1 ) ) & ")" )} -> Maths (PB) | D5: {=IF( INDIRECT("TT_"&$B5&"!"& ADDRESS( MATCH(LOOKUP(ROW($A5),ROW($A$1:$A5)/($A$1:$A5<>""),$A$1:$A5), {"Monday","Tuesday","Wednesday","Thursday","Friday","Saturday"},0)+1, COLUMN()-1 ) )="","", INDIRECT("TT_"&$B5&"!"& ADDRESS( MATCH(LOOKUP(ROW($A5),ROW($A$1:$A5)/($A$1:$A5<>""),$A$1:$A5), {"Monday","Tuesday","Wednesday","Thursday","Friday","Saturday"},0)+1, COLUMN()-1 ) ) & " (" & INDIRECT("TT_"&$B5&"!"& ADDRESS( MATCH(LOOKUP(ROW($A5),ROW($A$1:$A5)/($A$1:$A5<>""),$A$1:$A5), {"Monday","Tuesday","Wednesday","Thursday","Friday","Saturday"},0)+9, COLUMN()-1 ) ) & ")" )} -> English_Lit (PB) | E5: {=IF( INDIRECT("TT_"&$B5&"!"& ADDRESS( MATCH(LOOKUP(ROW($A5),ROW($A$1:$A5)/($A$1:$A5<>""),$A$1:$A5), {"Monday","Tuesday","Wednesday","Thursday","Friday","Saturday"},0)+1, COLUMN()-1 ) )="","", INDIRECT("TT_"&$B5&"!"& ADDRESS( MATCH(LOOKUP(ROW($A5),ROW($A$1:$A5)/($A$1:$A5<>""),$A$1:$A5), {"Monday","Tuesday","Wednesday","Thursday","Friday","Saturday"},0)+1, COLUMN()-1 ) ) & " (" & INDIRECT("TT_"&$B5&"!"& ADDRESS( MATCH(LOOKUP(ROW($A5),ROW($A$1:$A5)/($A$1:$A5<>""),$A$1:$A5), {"Monday","Tuesday","Wednesday","Thursday","Friday","Saturday"},0)+9, COLUMN()-1 ) ) & ")" )} -> Dance (SL) | F5: {=IF( INDIRECT("TT_"&$B5&"!"& ADDRESS( MATCH(LOOKUP(ROW($A5),ROW($A$1:$A5)/($A$1:$A5<>""),$A$1:$A5), {"Monday","Tuesday","Wednesday","Thursday","Friday","Saturday"},0)+1, COLUMN()-1 ) )="","", INDIRECT("TT_"&$B5&"!"& ADDRESS( MATCH(LOOKUP(ROW($A5),ROW($A$1:$A5)/($A$1:$A5<>""),$A$1:$A5), {"Monday","Tuesday","Wednesday","Thursday","Friday","Saturday"},0)+1, COLUMN()-1 ) ) & " (" & INDIRECT("TT_"&$B5&"!"& ADDRESS( MATCH(LOOKUP(ROW($A5),ROW($A$1:$A5)/($A$1:$A5<>""),$A$1:$A5), {"Monday","Tuesday","Wednesday","Thursday","Friday","Saturday"},0)+9, COLUMN()-1 ) ) & ")" )} -> EVS (PB) | G5: {=IF( INDIRECT("TT_"&$B5&"!"& ADDRESS( MATCH(LOOKUP(ROW($A5),ROW($A$1:$A5)/($A$1:$A5<>""),$A$1:$A5), {"Monday","Tuesday","Wednesday","Thursday","Friday","Saturday"},0)+1, COLUMN()-1 ) )="","", INDIRECT("TT_"&$B5&"!"& ADDRESS( MATCH(LOOKUP(ROW($A5),ROW($A$1:$A5)/($A$1:$A5<>""),$A$1:$A5), {"Monday","Tuesday","Wednesday","Thursday","Friday","Saturday"},0)+1, COLUMN()-1 ) ) & " (" & INDIRECT("TT_"&$B5&"!"& ADDRESS( MATCH(LOOKUP(ROW($A5),ROW($A$1:$A5)/($A$1:$A5<>""),$A$1:$A5), {"Monday","Tuesday","Wednesday","Thursday","Friday","Saturday"},0)+9, COLUMN()-1 ) ) & ")" )} -> Hindi_Lit (PB) | H5: {=IF( INDIRECT("TT_"&$B5&"!"& ADDRESS( MATCH(LOOKUP(ROW($A5),ROW($A$1:$A5)/($A$1:$A5<>""),$A$1:$A5), {"Monday","Tuesday","Wednesday","Thursday","Friday","Saturday"},0)+1, COLUMN()-1 ) )="","", INDIRECT("TT_"&$B5&"!"& ADDRESS( MATCH(LOOKUP(ROW($A5),ROW($A$1:$A5)/($A$1:$A5<>""),$A$1:$A5), {"Monday","Tuesday","Wednesday","Thursday","Friday","Saturday"},0)+1, COLUMN()-1 ) ) & " (" & INDIRECT("TT_"&$B5&"!"& ADDRESS( MATCH(LOOKUP(ROW($A5),ROW($A$1:$A5)/($A$1:$A5<>""),$A$1:$A5), {"Monday","Tuesday","Wednesday","Thursday","Friday","Saturday"},0)+9, COLUMN()-1 ) ) & ")" )} -> Maths (PB) | I5: {=IF( INDIRECT("TT_"&$B5&"!"& ADDRESS( MATCH(LOOKUP(ROW($A5),ROW($A$1:$A5)/($A$1:$A5<>""),$A$1:$A5), {"Monday","Tuesday","Wednesday","Thursday","Friday","Saturday"},0)+1, COLUMN()-1 ) )="","", INDIRECT("TT_"&$B5&"!"& ADDRESS( MATCH(LOOKUP(ROW($A5),ROW($A$1:$A5)/($A$1:$A5<>""),$A$1:$A5), {"Monday","Tuesday","Wednesday","Thursday","Friday","Saturday"},0)+1, COLUMN()-1 ) ) & " (" & INDIRECT("TT_"&$B5&"!"& ADDRESS( MATCH(LOOKUP(ROW($A5),ROW($A$1:$A5)/($A$1:$A5<>""),$A$1:$A5), {"Monday","Tuesday","Wednesday","Thursday","Friday","Saturday"},0)+9, COLUMN()-1 ) ) & ")" )} -> GK (PB) | J5: {=IF( INDIRECT("TT_"&$B5&"!"& ADDRESS( MATCH(LOOKUP(ROW($A5),ROW($A$1:$A5)/($A$1:$A5<>""),$A$1:$A5), {"Monday","Tuesday","Wednesday","Thursday","Friday","Saturday"},0)+1, COLUMN()-1 ) )="","", INDIRECT("TT_"&$B5&"!"& ADDRESS( MATCH(LOOKUP(ROW($A5),ROW($A$1:$A5)/($A$1:$A5<>""),$A$1:$A5), {"Monday","Tuesday","Wednesday","Thursday","Friday","Saturday"},0)+1, COLUMN()-1 ) ) & " (" & INDIRECT("TT_"&$B5&"!"& ADDRESS( MATCH(LOOKUP(ROW($A5),ROW($A$1:$A5)/($A$1:$A5<>""),$A$1:$A5), {"Monday","Tuesday","Wednesday","Thursday","Friday","Saturday"},0)+9, COLUMN()-1 ) ) & ")" )} -> EVS (PB)
B6: 2b | C6: {=IF( INDIRECT("TT_"&$B6&"!"& ADDRESS( MATCH(LOOKUP(ROW($A6),ROW($A$1:$A6)/($A$1:$A6<>""),$A$1:$A6), {"Monday","Tuesday","Wednesday","Thursday","Friday","Saturday"},0)+1, COLUMN()-1 ) )="","", INDIRECT("TT_"&$B6&"!"& ADDRESS( MATCH(LOOKUP(ROW($A6),ROW($A$1:$A6)/($A$1:$A6<>""),$A$1:$A6), {"Monday","Tuesday","Wednesday","Thursday","Friday","Saturday"},0)+1, COLUMN()-1 ) ) & " (" & INDIRECT("TT_"&$B6&"!"& ADDRESS( MATCH(LOOKUP(ROW($A6),ROW($A$1:$A6)/($A$1:$A6<>""),$A$1:$A6), {"Monday","Tuesday","Wednesday","Thursday","Friday","Saturday"},0)+9, COLUMN()-1 ) ) & ")" )} -> Computer (NP) | D6: {=IF( INDIRECT("TT_"&$B6&"!"& ADDRESS( MATCH(LOOKUP(ROW($A6),ROW($A$1:$A6)/($A$1:$A6<>""),$A$1:$A6), {"Monday","Tuesday","Wednesday","Thursday","Friday","Saturday"},0)+1, COLUMN()-1 ) )="","", INDIRECT("TT_"&$B6&"!"& ADDRESS( MATCH(LOOKUP(ROW($A6),ROW($A$1:$A6)/($A$1:$A6<>""),$A$1:$A6), {"Monday","Tuesday","Wednesday","Thursday","Friday","Saturday"},0)+1, COLUMN()-1 ) ) & " (" & INDIRECT("TT_"&$B6&"!"& ADDRESS( MATCH(LOOKUP(ROW($A6),ROW($A$1:$A6)/($A$1:$A6<>""),$A$1:$A6), {"Monday","Tuesday","Wednesday","Thursday","Friday","Saturday"},0)+9, COLUMN()-1 ) ) & ")" )} -> Maths (SU) | E6: {=IF( INDIRECT("TT_"&$B6&"!"& ADDRESS( MATCH(LOOKUP(ROW($A6),ROW($A$1:$A6)/($A$1:$A6<>""),$A$1:$A6), {"Monday","Tuesday","Wednesday","Thursday","Friday","Saturday"},0)+1, COLUMN()-1 ) )="","", INDIRECT("TT_"&$B6&"!"& ADDRESS( MATCH(LOOKUP(ROW($A6),ROW($A$1:$A6)/($A$1:$A6<>""),$A$1:$A6), {"Monday","Tuesday","Wednesday","Thursday","Friday","Saturday"},0)+1, COLUMN()-1 ) ) & " (" & INDIRECT("TT_"&$B6&"!"& ADDRESS( MATCH(LOOKUP(ROW($A6),ROW($A$1:$A6)/($A$1:$A6<>""),$A$1:$A6), {"Monday","Tuesday","Wednesday","Thursday","Friday","Saturday"},0)+9, COLUMN()-1 ) ) & ")" )} -> English_Lit (SU) | F6: {=IF( INDIRECT("TT_"&$B6&"!"& ADDRESS( MATCH(LOOKUP(ROW($A6),ROW($A$1:$A6)/($A$1:$A6<>""),$A$1:$A6), {"Monday","Tuesday","Wednesday","Thursday","Friday","Saturday"},0)+1, COLUMN()-1 ) )="","", INDIRECT("TT_"&$B6&"!"& ADDRESS( MATCH(LOOKUP(ROW($A6),ROW($A$1:$A6)/($A$1:$A6<>""),$A$1:$A6), {"Monday","Tuesday","Wednesday","Thursday","Friday","Saturday"},0)+1, COLUMN()-1 ) ) & " (" & INDIRECT("TT_"&$B6&"!"& ADDRESS( MATCH(LOOKUP(ROW($A6),ROW($A$1:$A6)/($A$1:$A6<>""),$A$1:$A6), {"Monday","Tuesday","Wednesday","Thursday","Friday","Saturday"},0)+9, COLUMN()-1 ) ) & ")" )} -> EVS (VR) | G6: {=IF( INDIRECT("TT_"&$B6&"!"& ADDRESS( MATCH(LOOKUP(ROW($A6),ROW($A$1:$A6)/($A$1:$A6<>""),$A$1:$A6), {"Monday","Tuesday","Wednesday","Thursday","Friday","Saturday"},0)+1, COLUMN()-1 ) )="","", INDIRECT("TT_"&$B6&"!"& ADDRESS( MATCH(LOOKUP(ROW($A6),ROW($A$1:$A6)/($A$1:$A6<>""),$A$1:$A6), {"Monday","Tuesday","Wednesday","Thursday","Friday","Saturday"},0)+1, COLUMN()-1 ) ) & " (" & INDIRECT("TT_"&$B6&"!"& ADDRESS( MATCH(LOOKUP(ROW($A6),ROW($A$1:$A6)/($A$1:$A6<>""),$A$1:$A6), {"Monday","Tuesday","Wednesday","Thursday","Friday","Saturday"},0)+9, COLUMN()-1 ) ) & ")" )} -> Hindi_Lang (SU) | H6: {=IF( INDIRECT("TT_"&$B6&"!"& ADDRESS( MATCH(LOOKUP(ROW($A6),ROW($A$1:$A6)/($A$1:$A6<>""),$A$1:$A6), {"Monday","Tuesday","Wednesday","Thursday","Friday","Saturday"},0)+1, COLUMN()-1 ) )="","", INDIRECT("TT_"&$B6&"!"& ADDRESS( MATCH(LOOKUP(ROW($A6),ROW($A$1:$A6)/($A$1:$A6<>""),$A$1:$A6), {"Monday","Tuesday","Wednesday","Thursday","Friday","Saturday"},0)+1, COLUMN()-1 ) ) & " (" & INDIRECT("TT_"&$B6&"!"& ADDRESS( MATCH(LOOKUP(ROW($A6),ROW($A$1:$A6)/($A$1:$A6<>""),$A$1:$A6), {"Monday","Tuesday","Wednesday","Thursday","Friday","Saturday"},0)+9, COLUMN()-1 ) ) & ")" )} -> Maths (SU) | I6: {=IF( INDIRECT("TT_"&$B6&"!"& ADDRESS( MATCH(LOOKUP(ROW($A6),ROW($A$1:$A6)/($A$1:$A6<>""),$A$1:$A6), {"Monday","Tuesday","Wednesday","Thursday","Friday","Saturday"},0)+1, COLUMN()-1 ) )="","", INDIRECT("TT_"&$B6&"!"& ADDRESS( MATCH(LOOKUP(ROW($A6),ROW($A$1:$A6)/($A$1:$A6<>""),$A$1:$A6), {"Monday","Tuesday","Wednesday","Thursday","Friday","Saturday"},0)+1, COLUMN()-1 ) ) & " (" & INDIRECT("TT_"&$B6&"!"& ADDRESS( MATCH(LOOKUP(ROW($A6),ROW($A$1:$A6)/($A$1:$A6<>""),$A$1:$A6), {"Monday","Tuesday","Wednesday","Thursday","Friday","Saturday"},0)+9, COLUMN()-1 ) ) & ")" )} -> Hindi_Lit (SU) | J6: {=IF( INDIRECT("TT_"&$B6&"!"& ADDRESS( MATCH(LOOKUP(ROW($A6),ROW($A$1:$A6)/($A$1:$A6<>""),$A$1:$A6), {"Monday","Tuesday","Wednesday","Thursday","Friday","Saturday"},0)+1, COLUMN()-1 ) )="","", INDIRECT("TT_"&$B6&"!"& ADDRESS( MATCH(LOOKUP(ROW($A6),ROW($A$1:$A6)/($A$1:$A6<>""),$A$1:$A6), {"Monday","Tuesday","Wednesday","Thursday","Friday","Saturday"},0)+1, COLUMN()-1 ) ) & " (" & INDIRECT("TT_"&$B6&"!"& ADDRESS( MATCH(LOOKUP(ROW($A6),ROW($A$1:$A6)/($A$1:$A6<>""),$A$1:$A6), {"Monday","Tuesday","Wednesday","Thursday","Friday","Saturday"},0)+9, COLUMN()-1 ) ) & ")" )} -> EVS (VR)
B7: 3a | C7: {=IF( INDIRECT("TT_"&$B7&"!"& ADDRESS( MATCH(LOOKUP(ROW($A7),ROW($A$1:$A7)/($A$1:$A7<>""),$A$1:$A7), {"Monday","Tuesday","Wednesday","Thursday","Friday","Saturday"},0)+1, COLUMN()-1 ) )="","", INDIRECT("TT_"&$B7&"!"& ADDRESS( MATCH(LOOKUP(ROW($A7),ROW($A$1:$A7)/($A$1:$A7<>""),$A$1:$A7), {"Monday","Tuesday","Wednesday","Thursday","Friday","Saturday"},0)+1, COLUMN()-1 ) ) & " (" & INDIRECT("TT_"&$B7&"!"& ADDRESS( MATCH(LOOKUP(ROW($A7),ROW($A$1:$A7)/($A$1:$A7<>""),$A$1:$A7), {"Monday","Tuesday","Wednesday","Thursday","Friday","Saturday"},0)+9, COLUMN()-1 ) ) & ")" )} -> Games (SZ) | D7: {=IF( INDIRECT("TT_"&$B7&"!"& ADDRESS( MATCH(LOOKUP(ROW($A7),ROW($A$1:$A7)/($A$1:$A7<>""),$A$1:$A7), {"Monday","Tuesday","Wednesday","Thursday","Friday","Saturday"},0)+1, COLUMN()-1 ) )="","", INDIRECT("TT_"&$B7&"!"& ADDRESS( MATCH(LOOKUP(ROW($A7),ROW($A$1:$A7)/($A$1:$A7<>""),$A$1:$A7), {"Monday","Tuesday","Wednesday","Thursday","Friday","Saturday"},0)+1, COLUMN()-1 ) ) & " (" & INDIRECT("TT_"&$B7&"!"& ADDRESS( MATCH(LOOKUP(ROW($A7),ROW($A$1:$A7)/($A$1:$A7<>""),$A$1:$A7), {"Monday","Tuesday","Wednesday","Thursday","Friday","Saturday"},0)+9, COLUMN()-1 ) ) & ")" )} -> English_Lit (AN) | E7: {=IF( INDIRECT("TT_"&$B7&"!"& ADDRESS( MATCH(LOOKUP(ROW($A7),ROW($A$1:$A7)/($A$1:$A7<>""),$A$1:$A7), {"Monday","Tuesday","Wednesday","Thursday","Friday","Saturday"},0)+1, COLUMN()-1 ) )="","", INDIRECT("TT_"&$B7&"!"& ADDRESS( MATCH(LOOKUP(ROW($A7),ROW($A$1:$A7)/($A$1:$A7<>""),$A$1:$A7), {"Monday","Tuesday","Wednesday","Thursday","Friday","Saturday"},0)+1, COLUMN()-1 ) ) & " (" & INDIRECT("TT_"&$B7&"!"& ADDRESS( MATCH(LOOKUP(ROW($A7),ROW($A$1:$A7)/($A$1:$A7<>""),$A$1:$A7), {"Monday","Tuesday","Wednesday","Thursday","Friday","Saturday"},0)+9, COLUMN()-1 ) ) & ")" )} -> Science (VR) | F7: {=IF( INDIRECT("TT_"&$B7&"!"& ADDRESS( MATCH(LOOKUP(ROW($A7),ROW($A$1:$A7)/($A$1:$A7<>""),$A$1:$A7), {"Monday","Tuesday","Wednesday","Thursday","Friday","Saturday"},0)+1, COLUMN()-1 ) )="","", INDIRECT("TT_"&$B7&"!"& ADDRESS( MATCH(LOOKUP(ROW($A7),ROW($A$1:$A7)/($A$1:$A7<>""),$A$1:$A7), {"Monday","Tuesday","Wednesday","Thursday","Friday","Saturday"},0)+1, COLUMN()-1 ) ) & " (" & INDIRECT("TT_"&$B7&"!"& ADDRESS( MATCH(LOOKUP(ROW($A7),ROW($A$1:$A7)/($A$1:$A7<>""),$A$1:$A7), {"Monday","Tuesday","Wednesday","Thursday","Friday","Saturday"},0)+9, COLUMN()-1 ) ) & ")" )} -> Music (MG) | G7: {=IF( INDIRECT("TT_"&$B7&"!"& ADDRESS( MATCH(LOOKUP(ROW($A7),ROW($A$1:$A7)/($A$1:$A7<>""),$A$1:$A7), {"Monday","Tuesday","Wednesday","Thursday","Friday","Saturday"},0)+1, COLUMN()-1 ) )="","", INDIRECT("TT_"&$B7&"!"& ADDRESS( MATCH(LOOKUP(ROW($A7),ROW($A$1:$A7)/($A$1:$A7<>""),$A$1:$A7), {"Monday","Tuesday","Wednesday","Thursday","Friday","Saturday"},0)+1, COLUMN()-1 ) ) & " (" & INDIRECT("TT_"&$B7&"!"& ADDRESS( MATCH(LOOKUP(ROW($A7),ROW($A$1:$A7)/($A$1:$A7<>""),$A$1:$A7), {"Monday","Tuesday","Wednesday","Thursday","Friday","Saturday"},0)+9, COLUMN()-1 ) ) & ")" )} -> Maths (DK) | H7: {=IF( INDIRECT("TT_"&$B7&"!"& ADDRESS( MATCH(LOOKUP(ROW($A7),ROW($A$1:$A7)/($A$1:$A7<>""),$A$1:$A7), {"Monday","Tuesday","Wednesday","Thursday","Friday","Saturday"},0)+1, COLUMN()-1 ) )="","", INDIRECT("TT_"&$B7&"!"& ADDRESS( MATCH(LOOKUP(ROW($A7),ROW($A$1:$A7)/($A$1:$A7<>""),$A$1:$A7), {"Monday","Tuesday","Wednesday","Thursday","Friday","Saturday"},0)+1, COLUMN()-1 ) ) & " (" & INDIRECT("TT_"&$B7&"!"& ADDRESS( MATCH(LOOKUP(ROW($A7),ROW($A$1:$A7)/($A$1:$A7<>""),$A$1:$A7), {"Monday","Tuesday","Wednesday","Thursday","Friday","Saturday"},0)+9, COLUMN()-1 ) ) & ")" )} -> SSt (NT) | I7: {=IF( INDIRECT("TT_"&$B7&"!"& ADDRESS( MATCH(LOOKUP(ROW($A7),ROW($A$1:$A7)/($A$1:$A7<>""),$A$1:$A7), {"Monday","Tuesday","Wednesday","Thursday","Friday","Saturday"},0)+1, COLUMN()-1 ) )="","", INDIRECT("TT_"&$B7&"!"& ADDRESS( MATCH(LOOKUP(ROW($A7),ROW($A$1:$A7)/($A$1:$A7<>""),$A$1:$A7), {"Monday","Tuesday","Wednesday","Thursday","Friday","Saturday"},0)+1, COLUMN()-1 ) ) & " (" & INDIRECT("TT_"&$B7&"!"& ADDRESS( MATCH(LOOKUP(ROW($A7),ROW($A$1:$A7)/($A$1:$A7<>""),$A$1:$A7), {"Monday","Tuesday","Wednesday","Thursday","Friday","Saturday"},0)+9, COLUMN()-1 ) ) & ")" )} -> Dance (SL) | J7: {=IF( INDIRECT("TT_"&$B7&"!"& ADDRESS( MATCH(LOOKUP(ROW($A7),ROW($A$1:$A7)/($A$1:$A7<>""),$A$1:$A7), {"Monday","Tuesday","Wednesday","Thursday","Friday","Saturday"},0)+1, COLUMN()-1 ) )="","", INDIRECT("TT_"&$B7&"!"& ADDRESS( MATCH(LOOKUP(ROW($A7),ROW($A$1:$A7)/($A$1:$A7<>""),$A$1:$A7), {"Monday","Tuesday","Wednesday","Thursday","Friday","Saturday"},0)+1, COLUMN()-1 ) ) & " (" & INDIRECT("TT_"&$B7&"!"& ADDRESS( MATCH(LOOKUP(ROW($A7),ROW($A$1:$A7)/($A$1:$A7<>""),$A$1:$A7), {"Monday","Tuesday","Wednesday","Thursday","Friday","Saturday"},0)+9, COLUMN()-1 ) ) & ")" )} -> Hindi_Lit (MB)
B8: 3b | C8: {=IF( INDIRECT("TT_"&$B8&"!"& ADDRESS( MATCH(LOOKUP(ROW($A8),ROW($A$1:$A8)/($A$1:$A8<>""),$A$1:$A8), {"Monday","Tuesday","Wednesday","Thursday","Friday","Saturday"},0)+1, COLUMN()-1 ) )="","", INDIRECT("TT_"&$B8&"!"& ADDRESS( MATCH(LOOKUP(ROW($A8),ROW($A$1:$A8)/($A$1:$A8<>""),$A$1:$A8), {"Monday","Tuesday","Wednesday","Thursday","Friday","Saturday"},0)+1, COLUMN()-1 ) ) & " (" & INDIRECT("TT_"&$B8&"!"& ADDRESS( MATCH(LOOKUP(ROW($A8),ROW($A$1:$A8)/($A$1:$A8<>""),$A$1:$A8), {"Monday","Tuesday","Wednesday","Thursday","Friday","Saturday"},0)+9, COLUMN()-1 ) ) & ")" )} -> English_Lit (KB) | D8: {=IF( INDIRECT("TT_"&$B8&"!"& ADDRESS( MATCH(LOOKUP(ROW($A8),ROW($A$1:$A8)/($A$1:$A8<>""),$A$1:$A8), {"Monday","Tuesday","Wednesday","Thursday","Friday","Saturday"},0)+1, COLUMN()-1 ) )="","", INDIRECT("TT_"&$B8&"!"& ADDRESS( MATCH(LOOKUP(ROW($A8),ROW($A$1:$A8)/($A$1:$A8<>""),$A$1:$A8), {"Monday","Tuesday","Wednesday","Thursday","Friday","Saturday"},0)+1, COLUMN()-1 ) ) & " (" & INDIRECT("TT_"&$B8&"!"& ADDRESS( MATCH(LOOKUP(ROW($A8),ROW($A$1:$A8)/($A$1:$A8<>""),$A$1:$A8), {"Monday","Tuesday","Wednesday","Thursday","Friday","Saturday"},0)+9, COLUMN()-1 ) ) & ")" )} -> Science (VR) | E8: {=IF( INDIRECT("TT_"&$B8&"!"& ADDRESS( MATCH(LOOKUP(ROW($A8),ROW($A$1:$A8)/($A$1:$A8<>""),$A$1:$A8), {"Monday","Tuesday","Wednesday","Thursday","Friday","Saturday"},0)+1, COLUMN()-1 ) )="","", INDIRECT("TT_"&$B8&"!"& ADDRESS( MATCH(LOOKUP(ROW($A8),ROW($A$1:$A8)/($A$1:$A8<>""),$A$1:$A8), {"Monday","Tuesday","Wednesday","Thursday","Friday","Saturday"},0)+1, COLUMN()-1 ) ) & " (" & INDIRECT("TT_"&$B8&"!"& ADDRESS( MATCH(LOOKUP(ROW($A8),ROW($A$1:$A8)/($A$1:$A8<>""),$A$1:$A8), {"Monday","Tuesday","Wednesday","Thursday","Friday","Saturday"},0)+9, COLUMN()-1 ) ) & ")" )} -> A/C (MP) | F8: {=IF( INDIRECT("TT_"&$B8&"!"& ADDRESS( MATCH(LOOKUP(ROW($A8),ROW($A$1:$A8)/($A$1:$A8<>""),$A$1:$A8), {"Monday","Tuesday","Wednesday","Thursday","Friday","Saturday"},0)+1, COLUMN()-1 ) )="","", INDIRECT("TT_"&$B8&"!"& ADDRESS( MATCH(LOOKUP(ROW($A8),ROW($A$1:$A8)/($A$1:$A8<>""),$A$1:$A8), {"Monday","Tuesday","Wednesday","Thursday","Friday","Saturday"},0)+1, COLUMN()-1 ) ) & " (" & INDIRECT("TT_"&$B8&"!"& ADDRESS( MATCH(LOOKUP(ROW($A8),ROW($A$1:$A8)/($A$1:$A8<>""),$A$1:$A8), {"Monday","Tuesday","Wednesday","Thursday","Friday","Saturday"},0)+9, COLUMN()-1 ) ) & ")" )} -> Maths (SU) | G8: {=IF( INDIRECT("TT_"&$B8&"!"& ADDRESS( MATCH(LOOKUP(ROW($A8),ROW($A$1:$A8)/($A$1:$A8<>""),$A$1:$A8), {"Monday","Tuesday","Wednesday","Thursday","Friday","Saturday"},0)+1, COLUMN()-1 ) )="","", INDIRECT("TT_"&$B8&"!"& ADDRESS( MATCH(LOOKUP(ROW($A8),ROW($A$1:$A8)/($A$1:$A8<>""),$A$1:$A8), {"Monday","Tuesday","Wednesday","Thursday","Friday","Saturday"},0)+1, COLUMN()-1 ) ) & " (" & INDIRECT("TT_"&$B8&"!"& ADDRESS( MATCH(LOOKUP(ROW($A8),ROW($A$1:$A8)/($A$1:$A8<>""),$A$1:$A8), {"Monday","Tuesday","Wednesday","Thursday","Friday","Saturday"},0)+9, COLUMN()-1 ) ) & ")" )} -> SSt (NT) | H8: {=IF( INDIRECT("TT_"&$B8&"!"& ADDRESS( MATCH(LOOKUP(ROW($A8),ROW($A$1:$A8)/($A$1:$A8<>""),$A$1:$A8), {"Monday","Tuesday","Wednesday","Thursday","Friday","Saturday"},0)+1, COLUMN()-1 ) )="","", INDIRECT("TT_"&$B8&"!"& ADDRESS( MATCH(LOOKUP(ROW($A8),ROW($A$1:$A8)/($A$1:$A8<>""),$A$1:$A8), {"Monday","Tuesday","Wednesday","Thursday","Friday","Saturday"},0)+1, COLUMN()-1 ) ) & " (" & INDIRECT("TT_"&$B8&"!"& ADDRESS( MATCH(LOOKUP(ROW($A8),ROW($A$1:$A8)/($A$1:$A8<>""),$A$1:$A8), {"Monday","Tuesday","Wednesday","Thursday","Friday","Saturday"},0)+9, COLUMN()-1 ) ) & ")" )} -> Hindi_Lit (MB) | I8: {=IF( INDIRECT("TT_"&$B8&"!"& ADDRESS( MATCH(LOOKUP(ROW($A8),ROW($A$1:$A8)/($A$1:$A8<>""),$A$1:$A8), {"Monday","Tuesday","Wednesday","Thursday","Friday","Saturday"},0)+1, COLUMN()-1 ) )="","", INDIRECT("TT_"&$B8&"!"& ADDRESS( MATCH(LOOKUP(ROW($A8),ROW($A$1:$A8)/($A$1:$A8<>""),$A$1:$A8), {"Monday","Tuesday","Wednesday","Thursday","Friday","Saturday"},0)+1, COLUMN()-1 ) ) & " (" & INDIRECT("TT_"&$B8&"!"& ADDRESS( MATCH(LOOKUP(ROW($A8),ROW($A$1:$A8)/($A$1:$A8<>""),$A$1:$A8), {"Monday","Tuesday","Wednesday","Thursday","Friday","Saturday"},0)+9, COLUMN()-1 ) ) & ")" )} -> Games (SZ) | J8: {=IF( INDIRECT("TT_"&$B8&"!"& ADDRESS( MATCH(LOOKUP(ROW($A8),ROW($A$1:$A8)/($A$1:$A8<>""),$A$1:$A8), {"Monday","Tuesday","Wednesday","Thursday","Friday","Saturday"},0)+1, COLUMN()-1 ) )="","", INDIRECT("TT_"&$B8&"!"& ADDRESS( MATCH(LOOKUP(ROW($A8),ROW($A$1:$A8)/($A$1:$A8<>""),$A$1:$A8), {"Monday","Tuesday","Wednesday","Thursday","Friday","Saturday"},0)+1, COLUMN()-1 ) ) & " (" & INDIRECT("TT_"&$B8&"!"& ADDRESS( MATCH(LOOKUP(ROW($A8),ROW($A$1:$A8)/($A$1:$A8<>""),$A$1:$A8), {"Monday","Tuesday","Wednesday","Thursday","Friday","Saturday"},0)+9, COLUMN()-1 ) ) & ")" )} -> Maths (SU)
B9: 4a | C9: {=IF( INDIRECT("TT_"&$B9&"!"& ADDRESS( MATCH(LOOKUP(ROW($A9),ROW($A$1:$A9)/($A$1:$A9<>""),$A$1:$A9), {"Monday","Tuesday","Wednesday","Thursday","Friday","Saturday"},0)+1, COLUMN()-1 ) )="","", INDIRECT("TT_"&$B9&"!"& ADDRESS( MATCH(LOOKUP(ROW($A9),ROW($A$1:$A9)/($A$1:$A9<>""),$A$1:$A9), {"Monday","Tuesday","Wednesday","Thursday","Friday","Saturday"},0)+1, COLUMN()-1 ) ) & " (" & INDIRECT("TT_"&$B9&"!"& ADDRESS( MATCH(LOOKUP(ROW($A9),ROW($A$1:$A9)/($A$1:$A9<>""),$A$1:$A9), {"Monday","Tuesday","Wednesday","Thursday","Friday","Saturday"},0)+9, COLUMN()-1 ) ) & ")" )} -> Science (VR) | D9: {=IF( INDIRECT("TT_"&$B9&"!"& ADDRESS( MATCH(LOOKUP(ROW($A9),ROW($A$1:$A9)/($A$1:$A9<>""),$A$1:$A9), {"Monday","Tuesday","Wednesday","Thursday","Friday","Saturday"},0)+1, COLUMN()-1 ) )="","", INDIRECT("TT_"&$B9&"!"& ADDRESS( MATCH(LOOKUP(ROW($A9),ROW($A$1:$A9)/($A$1:$A9<>""),$A$1:$A9), {"Monday","Tuesday","Wednesday","Thursday","Friday","Saturday"},0)+1, COLUMN()-1 ) ) & " (" & INDIRECT("TT_"&$B9&"!"& ADDRESS( MATCH(LOOKUP(ROW($A9),ROW($A$1:$A9)/($A$1:$A9<>""),$A$1:$A9), {"Monday","Tuesday","Wednesday","Thursday","Friday","Saturday"},0)+9, COLUMN()-1 ) ) & ")" )} -> Hindi_Lit (MB) | E9: {=IF( INDIRECT("TT_"&$B9&"!"& ADDRESS( MATCH(LOOKUP(ROW($A9),ROW($A$1:$A9)/($A$1:$A9<>""),$A$1:$A9), {"Monday","Tuesday","Wednesday","Thursday","Friday","Saturday"},0)+1, COLUMN()-1 ) )="","", INDIRECT("TT_"&$B9&"!"& ADDRESS( MATCH(LOOKUP(ROW($A9),ROW($A$1:$A9)/($A$1:$A9<>""),$A$1:$A9), {"Monday","Tuesday","Wednesday","Thursday","Friday","Saturday"},0)+1, COLUMN()-1 ) ) & " (" & INDIRECT("TT_"&$B9&"!"& ADDRESS( MATCH(LOOKUP(ROW($A9),ROW($A$1:$A9)/($A$1:$A9<>""),$A$1:$A9), {"Monday","Tuesday","Wednesday","Thursday","Friday","Saturday"},0)+9, COLUMN()-1 ) ) & ")" )} -> English_Lit (AN) | F9: {=IF( INDIRECT("TT_"&$B9&"!"& ADDRESS( MATCH(LOOKUP(ROW($A9),ROW($A$1:$A9)/($A$1:$A9<>""),$A$1:$A9), {"Monday","Tuesday","Wednesday","Thursday","Friday","Saturday"},0)+1, COLUMN()-1 ) )="","", INDIRECT("TT_"&$B9&"!"& ADDRESS( MATCH(LOOKUP(ROW($A9),ROW($A$1:$A9)/($A$1:$A9<>""),$A$1:$A9), {"Monday","Tuesday","Wednesday","Thursday","Friday","Saturday"},0)+1, COLUMN()-1 ) ) & " (" & INDIRECT("TT_"&$B9&"!"& ADDRESS( MATCH(LOOKUP(ROW($A9),ROW($A$1:$A9)/($A$1:$A9<>""),$A$1:$A9), {"Monday","Tuesday","Wednesday","Thursday","Friday","Saturday"},0)+9, COLUMN()-1 ) ) & ")" )} -> SSt (NT) | G9: {=IF( INDIRECT("TT_"&$B9&"!"& ADDRESS( MATCH(LOOKUP(ROW($A9),ROW($A$1:$A9)/($A$1:$A9<>""),$A$1:$A9), {"Monday","Tuesday","Wednesday","Thursday","Friday","Saturday"},0)+1, COLUMN()-1 ) )="","", INDIRECT("TT_"&$B9&"!"& ADDRESS( MATCH(LOOKUP(ROW($A9),ROW($A$1:$A9)/($A$1:$A9<>""),$A$1:$A9), {"Monday","Tuesday","Wednesday","Thursday","Friday","Saturday"},0)+1, COLUMN()-1 ) ) & " (" & INDIRECT("TT_"&$B9&"!"& ADDRESS( MATCH(LOOKUP(ROW($A9),ROW($A$1:$A9)/($A$1:$A9<>""),$A$1:$A9), {"Monday","Tuesday","Wednesday","Thursday","Friday","Saturday"},0)+9, COLUMN()-1 ) ) & ")" )} -> Games (SZ) | H9: {=IF( INDIRECT("TT_"&$B9&"!"& ADDRESS( MATCH(LOOKUP(ROW($A9),ROW($A$1:$A9)/($A$1:$A9<>""),$A$1:$A9), {"Monday","Tuesday","Wednesday","Thursday","Friday","Saturday"},0)+1, COLUMN()-1 ) )="","", INDIRECT("TT_"&$B9&"!"& ADDRESS( MATCH(LOOKUP(ROW($A9),ROW($A$1:$A9)/($A$1:$A9<>""),$A$1:$A9), {"Monday","Tuesday","Wednesday","Thursday","Friday","Saturday"},0)+1, COLUMN()-1 ) ) & " (" & INDIRECT("TT_"&$B9&"!"& ADDRESS( MATCH(LOOKUP(ROW($A9),ROW($A$1:$A9)/($A$1:$A9<>""),$A$1:$A9), {"Monday","Tuesday","Wednesday","Thursday","Friday","Saturday"},0)+9, COLUMN()-1 ) ) & ")" )} -> Maths (DK) | I9: {=IF( INDIRECT("TT_"&$B9&"!"& ADDRESS( MATCH(LOOKUP(ROW($A9),ROW($A$1:$A9)/($A$1:$A9<>""),$A$1:$A9), {"Monday","Tuesday","Wednesday","Thursday","Friday","Saturday"},0)+1, COLUMN()-1 ) )="","", INDIRECT("TT_"&$B9&"!"& ADDRESS( MATCH(LOOKUP(ROW($A9),ROW($A$1:$A9)/($A$1:$A9<>""),$A$1:$A9), {"Monday","Tuesday","Wednesday","Thursday","Friday","Saturday"},0)+1, COLUMN()-1 ) ) & " (" & INDIRECT("TT_"&$B9&"!"& ADDRESS( MATCH(LOOKUP(ROW($A9),ROW($A$1:$A9)/($A$1:$A9<>""),$A$1:$A9), {"Monday","Tuesday","Wednesday","Thursday","Friday","Saturday"},0)+9, COLUMN()-1 ) ) & ")" )} -> Computer (NP) | J9: {=IF( INDIRECT("TT_"&$B9&"!"& ADDRESS( MATCH(LOOKUP(ROW($A9),ROW($A$1:$A9)/($A$1:$A9<>""),$A$1:$A9), {"Monday","Tuesday","Wednesday","Thursday","Friday","Saturday"},0)+1, COLUMN()-1 ) )="","", INDIRECT("TT_"&$B9&"!"& ADDRESS( MATCH(LOOKUP(ROW($A9),ROW($A$1:$A9)/($A$1:$A9<>""),$A$1:$A9), {"Monday","Tuesday","Wednesday","Thursday","Friday","Saturday"},0)+1, COLUMN()-1 ) ) & " (" & INDIRECT("TT_"&$B9&"!"& ADDRESS( MATCH(LOOKUP(ROW($A9),ROW($A$1:$A9)/($A$1:$A9<>""),$A$1:$A9), {"Monday","Tuesday","Wednesday","Thursday","Friday","Saturday"},0)+9, COLUMN()-1 ) ) & ")" )} -> GK (MP)
B10: 4b | C10: {=IF( INDIRECT("TT_"&$B10&"!"& ADDRESS( MATCH(LOOKUP(ROW($A10),ROW($A$1:$A10)/($A$1:$A10<>""),$A$1:$A10), {"Monday","Tuesday","Wednesday","Thursday","Friday","Saturday"},0)+1, COLUMN()-1 ) )="","", INDIRECT("TT_"&$B10&"!"& ADDRESS( MATCH(LOOKUP(ROW($A10),ROW($A$1:$A10)/($A$1:$A10<>""),$A$1:$A10), {"Monday","Tuesday","Wednesday","Thursday","Friday","Saturday"},0)+1, COLUMN()-1 ) ) & " (" & INDIRECT("TT_"&$B10&"!"& ADDRESS( MATCH(LOOKUP(ROW($A10),ROW($A$1:$A10)/($A$1:$A10<>""),$A$1:$A10), {"Monday","Tuesday","Wednesday","Thursday","Friday","Saturday"},0)+9, COLUMN()-1 ) ) & ")" )} -> Hindi_Lit (MB) | D10: {=IF( INDIRECT("TT_"&$B10&"!"& ADDRESS( MATCH(LOOKUP(ROW($A10),ROW($A$1:$A10)/($A$1:$A10<>""),$A$1:$A10), {"Monday","Tuesday","Wednesday","Thursday","Friday","Saturday"},0)+1, COLUMN()-1 ) )="","", INDIRECT("TT_"&$B10&"!"& ADDRESS( MATCH(LOOKUP(ROW($A10),ROW($A$1:$A10)/($A$1:$A10<>""),$A$1:$A10), {"Monday","Tuesday","Wednesday","Thursday","Friday","Saturday"},0)+1, COLUMN()-1 ) ) & " (" & INDIRECT("TT_"&$B10&"!"& ADDRESS( MATCH(LOOKUP(ROW($A10),ROW($A$1:$A10)/($A$1:$A10<>""),$A$1:$A10), {"Monday","Tuesday","Wednesday","Thursday","Friday","Saturday"},0)+9, COLUMN()-1 ) ) & ")" )} -> Maths (DK) | E10: {=IF( INDIRECT("TT_"&$B10&"!"& ADDRESS( MATCH(LOOKUP(ROW($A10),ROW($A$1:$A10)/($A$1:$A10<>""),$A$1:$A10), {"Monday","Tuesday","Wednesday","Thursday","Friday","Saturday"},0)+1, COLUMN()-1 ) )="","", INDIRECT("TT_"&$B10&"!"& ADDRESS( MATCH(LOOKUP(ROW($A10),ROW($A$1:$A10)/($A$1:$A10<>""),$A$1:$A10), {"Monday","Tuesday","Wednesday","Thursday","Friday","Saturday"},0)+1, COLUMN()-1 ) ) & " (" & INDIRECT("TT_"&$B10&"!"& ADDRESS( MATCH(LOOKUP(ROW($A10),ROW($A$1:$A10)/($A$1:$A10<>""),$A$1:$A10), {"Monday","Tuesday","Wednesday","Thursday","Friday","Saturday"},0)+9, COLUMN()-1 ) ) & ")" )} -> Skating (SZ) | F10: {=IF( INDIRECT("TT_"&$B10&"!"& ADDRESS( MATCH(LOOKUP(ROW($A10),ROW($A$1:$A10)/($A$1:$A10<>""),$A$1:$A10), {"Monday","Tuesday","Wednesday","Thursday","Friday","Saturday"},0)+1, COLUMN()-1 ) )="","", INDIRECT("TT_"&$B10&"!"& ADDRESS( MATCH(LOOKUP(ROW($A10),ROW($A$1:$A10)/($A$1:$A10<>""),$A$1:$A10), {"Monday","Tuesday","Wednesday","Thursday","Friday","Saturday"},0)+1, COLUMN()-1 ) ) & " (" & INDIRECT("TT_"&$B10&"!"& ADDRESS( MATCH(LOOKUP(ROW($A10),ROW($A$1:$A10)/($A$1:$A10<>""),$A$1:$A10), {"Monday","Tuesday","Wednesday","Thursday","Friday","Saturday"},0)+9, COLUMN()-1 ) ) & ")" )} -> English_Lit (KB) | G10: {=IF( INDIRECT("TT_"&$B10&"!"& ADDRESS( MATCH(LOOKUP(ROW($A10),ROW($A$1:$A10)/($A$1:$A10<>""),$A$1:$A10), {"Monday","Tuesday","Wednesday","Thursday","Friday","Saturday"},0)+1, COLUMN()-1 ) )="","", INDIRECT("TT_"&$B10&"!"& ADDRESS( MATCH(LOOKUP(ROW($A10),ROW($A$1:$A10)/($A$1:$A10<>""),$A$1:$A10), {"Monday","Tuesday","Wednesday","Thursday","Friday","Saturday"},0)+1, COLUMN()-1 ) ) & " (" & INDIRECT("TT_"&$B10&"!"& ADDRESS( MATCH(LOOKUP(ROW($A10),ROW($A$1:$A10)/($A$1:$A10<>""),$A$1:$A10), {"Monday","Tuesday","Wednesday","Thursday","Friday","Saturday"},0)+9, COLUMN()-1 ) ) & ")" )} -> Science (VR) | H10: {=IF( INDIRECT("TT_"&$B10&"!"& ADDRESS( MATCH(LOOKUP(ROW($A10),ROW($A$1:$A10)/($A$1:$A10<>""),$A$1:$A10), {"Monday","Tuesday","Wednesday","Thursday","Friday","Saturday"},0)+1, COLUMN()-1 ) )="","", INDIRECT("TT_"&$B10&"!"& ADDRESS( MATCH(LOOKUP(ROW($A10),ROW($A$1:$A10)/($A$1:$A10<>""),$A$1:$A10), {"Monday","Tuesday","Wednesday","Thursday","Friday","Saturday"},0)+1, COLUMN()-1 ) ) & " (" & INDIRECT("TT_"&$B10&"!"& ADDRESS( MATCH(LOOKUP(ROW($A10),ROW($A$1:$A10)/($A$1:$A10<>""),$A$1:$A10), {"Monday","Tuesday","Wednesday","Thursday","Friday","Saturday"},0)+9, COLUMN()-1 ) ) & ")" )} -> Music (MG) | I10: {=IF( INDIRECT("TT_"&$B10&"!"& ADDRESS( MATCH(LOOKUP(ROW($A10),ROW($A$1:$A10)/($A$1:$A10<>""),$A$1:$A10), {"Monday","Tuesday","Wednesday","Thursday","Friday","Saturday"},0)+1, COLUMN()-1 ) )="","", INDIRECT("TT_"&$B10&"!"& ADDRESS( MATCH(LOOKUP(ROW($A10),ROW($A$1:$A10)/($A$1:$A10<>""),$A$1:$A10), {"Monday","Tuesday","Wednesday","Thursday","Friday","Saturday"},0)+1, COLUMN()-1 ) ) & " (" & INDIRECT("TT_"&$B10&"!"& ADDRESS( MATCH(LOOKUP(ROW($A10),ROW($A$1:$A10)/($A$1:$A10<>""),$A$1:$A10), {"Monday","Tuesday","Wednesday","Thursday","Friday","Saturday"},0)+9, COLUMN()-1 ) ) & ")" )} -> SSt (NT) | J10: {=IF( INDIRECT("TT_"&$B10&"!"& ADDRESS( MATCH(LOOKUP(ROW($A10),ROW($A$1:$A10)/($A$1:$A10<>""),$A$1:$A10), {"Monday","Tuesday","Wednesday","Thursday","Friday","Saturday"},0)+1, COLUMN()-1 ) )="","", INDIRECT("TT_"&$B10&"!"& ADDRESS( MATCH(LOOKUP(ROW($A10),ROW($A$1:$A10)/($A$1:$A10<>""),$A$1:$A10), {"Monday","Tuesday","Wednesday","Thursday","Friday","Saturday"},0)+1, COLUMN()-1 ) ) & " (" & INDIRECT("TT_"&$B10&"!"& ADDRESS( MATCH(LOOKUP(ROW($A10),ROW($A$1:$A10)/($A$1:$A10<>""),$A$1:$A10), {"Monday","Tuesday","Wednesday","Thursday","Friday","Saturday"},0)+9, COLUMN()-1 ) ) & ")" )} -> STEM_Junior (NP)
B11: 5a | C11: {=IF( INDIRECT("TT_"&$B11&"!"& ADDRESS( MATCH(LOOKUP(ROW($A11),ROW($A$1:$A11)/($A$1:$A11<>""),$A$1:$A11), {"Monday","Tuesday","Wednesday","Thursday","Friday","Saturday"},0)+1, COLUMN()-1 ) )="","", INDIRECT("TT_"&$B11&"!"& ADDRESS( MATCH(LOOKUP(ROW($A11),ROW($A$1:$A11)/($A$1:$A11<>""),$A$1:$A11), {"Monday","Tuesday","Wednesday","Thursday","Friday","Saturday"},0)+1, COLUMN()-1 ) ) & " (" & INDIRECT("TT_"&$B11&"!"& ADDRESS( MATCH(LOOKUP(ROW($A11),ROW($A$1:$A11)/($A$1:$A11<>""),$A$1:$A11), {"Monday","Tuesday","Wednesday","Thursday","Friday","Saturday"},0)+9, COLUMN()-1 ) ) & ")" )} -> SSt (NT) | D11: {=IF( INDIRECT("TT_"&$B11&"!"& ADDRESS( MATCH(LOOKUP(ROW($A11),ROW($A$1:$A11)/($A$1:$A11<>""),$A$1:$A11), {"Monday","Tuesday","Wednesday","Thursday","Friday","Saturday"},0)+1, COLUMN()-1 ) )="","", INDIRECT("TT_"&$B11&"!"& ADDRESS( MATCH(LOOKUP(ROW($A11),ROW($A$1:$A11)/($A$1:$A11<>""),$A$1:$A11), {"Monday","Tuesday","Wednesday","Thursday","Friday","Saturday"},0)+1, COLUMN()-1 ) ) & " (" & INDIRECT("TT_"&$B11&"!"& ADDRESS( MATCH(LOOKUP(ROW($A11),ROW($A$1:$A11)/($A$1:$A11<>""),$A$1:$A11), {"Monday","Tuesday","Wednesday","Thursday","Friday","Saturday"},0)+9, COLUMN()-1 ) ) & ")" )} -> Computer (NP) | E11: {=IF( INDIRECT("TT_"&$B11&"!"& ADDRESS( MATCH(LOOKUP(ROW($A11),ROW($A$1:$A11)/($A$1:$A11<>""),$A$1:$A11), {"Monday","Tuesday","Wednesday","Thursday","Friday","Saturday"},0)+1, COLUMN()-1 ) )="","", INDIRECT("TT_"&$B11&"!"& ADDRESS( MATCH(LOOKUP(ROW($A11),ROW($A$1:$A11)/($A$1:$A11<>""),$A$1:$A11), {"Monday","Tuesday","Wednesday","Thursday","Friday","Saturday"},0)+1, COLUMN()-1 ) ) & " (" & INDIRECT("TT_"&$B11&"!"& ADDRESS( MATCH(LOOKUP(ROW($A11),ROW($A$1:$A11)/($A$1:$A11<>""),$A$1:$A11), {"Monday","Tuesday","Wednesday","Thursday","Friday","Saturday"},0)+9, COLUMN()-1 ) ) & ")" )} -> Hindi_Lang (MB) | F11: {=IF( INDIRECT("TT_"&$B11&"!"& ADDRESS( MATCH(LOOKUP(ROW($A11),ROW($A$1:$A11)/($A$1:$A11<>""),$A$1:$A11), {"Monday","Tuesday","Wednesday","Thursday","Friday","Saturday"},0)+1, COLUMN()-1 ) )="","", INDIRECT("TT_"&$B11&"!"& ADDRESS( MATCH(LOOKUP(ROW($A11),ROW($A$1:$A11)/($A$1:$A11<>""),$A$1:$A11), {"Monday","Tuesday","Wednesday","Thursday","Friday","Saturday"},0)+1, COLUMN()-1 ) ) & " (" & INDIRECT("TT_"&$B11&"!"& ADDRESS( MATCH(LOOKUP(ROW($A11),ROW($A$1:$A11)/($A$1:$A11<>""),$A$1:$A11), {"Monday","Tuesday","Wednesday","Thursday","Friday","Saturday"},0)+9, COLUMN()-1 ) ) & ")" )} -> Maths (NG) | G11: {=IF( INDIRECT("TT_"&$B11&"!"& ADDRESS( MATCH(LOOKUP(ROW($A11),ROW($A$1:$A11)/($A$1:$A11<>""),$A$1:$A11), {"Monday","Tuesday","Wednesday","Thursday","Friday","Saturday"},0)+1, COLUMN()-1 ) )="","", INDIRECT("TT_"&$B11&"!"& ADDRESS( MATCH(LOOKUP(ROW($A11),ROW($A$1:$A11)/($A$1:$A11<>""),$A$1:$A11), {"Monday","Tuesday","Wednesday","Thursday","Friday","Saturday"},0)+1, COLUMN()-1 ) ) & " (" & INDIRECT("TT_"&$B11&"!"& ADDRESS( MATCH(LOOKUP(ROW($A11),ROW($A$1:$A11)/($A$1:$A11<>""),$A$1:$A11), {"Monday","Tuesday","Wednesday","Thursday","Friday","Saturday"},0)+9, COLUMN()-1 ) ) & ")" )} -> Library (SP) | H11: {=IF( INDIRECT("TT_"&$B11&"!"& ADDRESS( MATCH(LOOKUP(ROW($A11),ROW($A$1:$A11)/($A$1:$A11<>""),$A$1:$A11), {"Monday","Tuesday","Wednesday","Thursday","Friday","Saturday"},0)+1, COLUMN()-1 ) )="","", INDIRECT("TT_"&$B11&"!"& ADDRESS( MATCH(LOOKUP(ROW($A11),ROW($A$1:$A11)/($A$1:$A11<>""),$A$1:$A11), {"Monday","Tuesday","Wednesday","Thursday","Friday","Saturday"},0)+1, COLUMN()-1 ) ) & " (" & INDIRECT("TT_"&$B11&"!"& ADDRESS( MATCH(LOOKUP(ROW($A11),ROW($A$1:$A11)/($A$1:$A11<>""),$A$1:$A11), {"Monday","Tuesday","Wednesday","Thursday","Friday","Saturday"},0)+9, COLUMN()-1 ) ) & ")" )} -> Skating (SZ) | I11: {=IF( INDIRECT("TT_"&$B11&"!"& ADDRESS( MATCH(LOOKUP(ROW($A11),ROW($A$1:$A11)/($A$1:$A11<>""),$A$1:$A11), {"Monday","Tuesday","Wednesday","Thursday","Friday","Saturday"},0)+1, COLUMN()-1 ) )="","", INDIRECT("TT_"&$B11&"!"& ADDRESS( MATCH(LOOKUP(ROW($A11),ROW($A$1:$A11)/($A$1:$A11<>""),$A$1:$A11), {"Monday","Tuesday","Wednesday","Thursday","Friday","Saturday"},0)+1, COLUMN()-1 ) ) & " (" & INDIRECT("TT_"&$B11&"!"& ADDRESS( MATCH(LOOKUP(ROW($A11),ROW($A$1:$A11)/($A$1:$A11<>""),$A$1:$A11), {"Monday","Tuesday","Wednesday","Thursday","Friday","Saturday"},0)+9, COLUMN()-1 ) ) & ")" )} -> Science (VR) | J11: {=IF( INDIRECT("TT_"&$B11&"!"& ADDRESS( MATCH(LOOKUP(ROW($A11),ROW($A$1:$A11)/($A$1:$A11<>""),$A$1:$A11), {"Monday","Tuesday","Wednesday","Thursday","Friday","Saturday"},0)+1, COLUMN()-1 ) )="","", INDIRECT("TT_"&$B11&"!"& ADDRESS( MATCH(LOOKUP(ROW($A11),ROW($A$1:$A11)/($A$1:$A11<>""),$A$1:$A11), {"Monday","Tuesday","Wednesday","Thursday","Friday","Saturday"},0)+1, COLUMN()-1 ) ) & " (" & INDIRECT("TT_"&$B11&"!"& ADDRESS( MATCH(LOOKUP(ROW($A11),ROW($A$1:$A11)/($A$1:$A11<>""),$A$1:$A11), {"Monday","Tuesday","Wednesday","Thursday","Friday","Saturday"},0)+9, COLUMN()-1 ) ) & ")" )} -> English_Lit (KB)
B12: 5b | C12: {=IF( INDIRECT("TT_"&$B12&"!"& ADDRESS( MATCH(LOOKUP(ROW($A12),ROW($A$1:$A12)/($A$1:$A12<>""),$A$1:$A12), {"Monday","Tuesday","Wednesday","Thursday","Friday","Saturday"},0)+1, COLUMN()-1 ) )="","", INDIRECT("TT_"&$B12&"!"& ADDRESS( MATCH(LOOKUP(ROW($A12),ROW($A$1:$A12)/($A$1:$A12<>""),$A$1:$A12), {"Monday","Tuesday","Wednesday","Thursday","Friday","Saturday"},0)+1, COLUMN()-1 ) ) & " (" & INDIRECT("TT_"&$B12&"!"& ADDRESS( MATCH(LOOKUP(ROW($A12),ROW($A$1:$A12)/($A$1:$A12<>""),$A$1:$A12), {"Monday","Tuesday","Wednesday","Thursday","Friday","Saturday"},0)+9, COLUMN()-1 ) ) & ")" )} -> Music (MG) | D12: {=IF( INDIRECT("TT_"&$B12&"!"& ADDRESS( MATCH(LOOKUP(ROW($A12),ROW($A$1:$A12)/($A$1:$A12<>""),$A$1:$A12), {"Monday","Tuesday","Wednesday","Thursday","Friday","Saturday"},0)+1, COLUMN()-1 ) )="","", INDIRECT("TT_"&$B12&"!"& ADDRESS( MATCH(LOOKUP(ROW($A12),ROW($A$1:$A12)/($A$1:$A12<>""),$A$1:$A12), {"Monday","Tuesday","Wednesday","Thursday","Friday","Saturday"},0)+1, COLUMN()-1 ) ) & " (" & INDIRECT("TT_"&$B12&"!"& ADDRESS( MATCH(LOOKUP(ROW($A12),ROW($A$1:$A12)/($A$1:$A12<>""),$A$1:$A12), {"Monday","Tuesday","Wednesday","Thursday","Friday","Saturday"},0)+9, COLUMN()-1 ) ) & ")" )} -> Maths (NG) | E12: {=IF( INDIRECT("TT_"&$B12&"!"& ADDRESS( MATCH(LOOKUP(ROW($A12),ROW($A$1:$A12)/($A$1:$A12<>""),$A$1:$A12), {"Monday","Tuesday","Wednesday","Thursday","Friday","Saturday"},0)+1, COLUMN()-1 ) )="","", INDIRECT("TT_"&$B12&"!"& ADDRESS( MATCH(LOOKUP(ROW($A12),ROW($A$1:$A12)/($A$1:$A12<>""),$A$1:$A12), {"Monday","Tuesday","Wednesday","Thursday","Friday","Saturday"},0)+1, COLUMN()-1 ) ) & " (" & INDIRECT("TT_"&$B12&"!"& ADDRESS( MATCH(LOOKUP(ROW($A12),ROW($A$1:$A12)/($A$1:$A12<>""),$A$1:$A12), {"Monday","Tuesday","Wednesday","Thursday","Friday","Saturday"},0)+9, COLUMN()-1 ) ) & ")" )} -> SSt (PR) | F12: {=IF( INDIRECT("TT_"&$B12&"!"& ADDRESS( MATCH(LOOKUP(ROW($A12),ROW($A$1:$A12)/($A$1:$A12<>""),$A$1:$A12), {"Monday","Tuesday","Wednesday","Thursday","Friday","Saturday"},0)+1, COLUMN()-1 ) )="","", INDIRECT("TT_"&$B12&"!"& ADDRESS( MATCH(LOOKUP(ROW($A12),ROW($A$1:$A12)/($A$1:$A12<>""),$A$1:$A12), {"Monday","Tuesday","Wednesday","Thursday","Friday","Saturday"},0)+1, COLUMN()-1 ) ) & " (" & INDIRECT("TT_"&$B12&"!"& ADDRESS( MATCH(LOOKUP(ROW($A12),ROW($A$1:$A12)/($A$1:$A12<>""),$A$1:$A12), {"Monday","Tuesday","Wednesday","Thursday","Friday","Saturday"},0)+9, COLUMN()-1 ) ) & ")" )} -> GK (MP) | G12: {=IF( INDIRECT("TT_"&$B12&"!"& ADDRESS( MATCH(LOOKUP(ROW($A12),ROW($A$1:$A12)/($A$1:$A12<>""),$A$1:$A12), {"Monday","Tuesday","Wednesday","Thursday","Friday","Saturday"},0)+1, COLUMN()-1 ) )="","", INDIRECT("TT_"&$B12&"!"& ADDRESS( MATCH(LOOKUP(ROW($A12),ROW($A$1:$A12)/($A$1:$A12<>""),$A$1:$A12), {"Monday","Tuesday","Wednesday","Thursday","Friday","Saturday"},0)+1, COLUMN()-1 ) ) & " (" & INDIRECT("TT_"&$B12&"!"& ADDRESS( MATCH(LOOKUP(ROW($A12),ROW($A$1:$A12)/($A$1:$A12<>""),$A$1:$A12), {"Monday","Tuesday","Wednesday","Thursday","Friday","Saturday"},0)+9, COLUMN()-1 ) ) & ")" )} -> English_Lit (KB) | H12: {=IF( INDIRECT("TT_"&$B12&"!"& ADDRESS( MATCH(LOOKUP(ROW($A12),ROW($A$1:$A12)/($A$1:$A12<>""),$A$1:$A12), {"Monday","Tuesday","Wednesday","Thursday","Friday","Saturday"},0)+1, COLUMN()-1 ) )="","", INDIRECT("TT_"&$B12&"!"& ADDRESS( MATCH(LOOKUP(ROW($A12),ROW($A$1:$A12)/($A$1:$A12<>""),$A$1:$A12), {"Monday","Tuesday","Wednesday","Thursday","Friday","Saturday"},0)+1, COLUMN()-1 ) ) & " (" & INDIRECT("TT_"&$B12&"!"& ADDRESS( MATCH(LOOKUP(ROW($A12),ROW($A$1:$A12)/($A$1:$A12<>""),$A$1:$A12), {"Monday","Tuesday","Wednesday","Thursday","Friday","Saturday"},0)+9, COLUMN()-1 ) ) & ")" )} -> Maths (NG) | I12: {=IF( INDIRECT("TT_"&$B12&"!"& ADDRESS( MATCH(LOOKUP(ROW($A12),ROW($A$1:$A12)/($A$1:$A12<>""),$A$1:$A12), {"Monday","Tuesday","Wednesday","Thursday","Friday","Saturday"},0)+1, COLUMN()-1 ) )="","", INDIRECT("TT_"&$B12&"!"& ADDRESS( MATCH(LOOKUP(ROW($A12),ROW($A$1:$A12)/($A$1:$A12<>""),$A$1:$A12), {"Monday","Tuesday","Wednesday","Thursday","Friday","Saturday"},0)+1, COLUMN()-1 ) ) & " (" & INDIRECT("TT_"&$B12&"!"& ADDRESS( MATCH(LOOKUP(ROW($A12),ROW($A$1:$A12)/($A$1:$A12<>""),$A$1:$A12), {"Monday","Tuesday","Wednesday","Thursday","Friday","Saturday"},0)+9, COLUMN()-1 ) ) & ")" )} -> Hindi_Lit (MB) | J12: {=IF( INDIRECT("TT_"&$B12&"!"& ADDRESS( MATCH(LOOKUP(ROW($A12),ROW($A$1:$A12)/($A$1:$A12<>""),$A$1:$A12), {"Monday","Tuesday","Wednesday","Thursday","Friday","Saturday"},0)+1, COLUMN()-1 ) )="","", INDIRECT("TT_"&$B12&"!"& ADDRESS( MATCH(LOOKUP(ROW($A12),ROW($A$1:$A12)/($A$1:$A12<>""),$A$1:$A12), {"Monday","Tuesday","Wednesday","Thursday","Friday","Saturday"},0)+1, COLUMN()-1 ) ) & " (" & INDIRECT("TT_"&$B12&"!"& ADDRESS( MATCH(LOOKUP(ROW($A12),ROW($A$1:$A12)/($A$1:$A12<>""),$A$1:$A12), {"Monday","Tuesday","Wednesday","Thursday","Friday","Saturday"},0)+9, COLUMN()-1 ) ) & ")" )} -> Skating (SZ)
B13: 6a | C13: {=IF( INDIRECT("TT_"&$B13&"!"& ADDRESS( MATCH(LOOKUP(ROW($A13),ROW($A$1:$A13)/($A$1:$A13<>""),$A$1:$A13), {"Monday","Tuesday","Wednesday","Thursday","Friday","Saturday"},0)+1, COLUMN()-1 ) )="","", INDIRECT("TT_"&$B13&"!"& ADDRESS( MATCH(LOOKUP(ROW($A13),ROW($A$1:$A13)/($A$1:$A13<>""),$A$1:$A13), {"Monday","Tuesday","Wednesday","Thursday","Friday","Saturday"},0)+1, COLUMN()-1 ) ) & " (" & INDIRECT("TT_"&$B13&"!"& ADDRESS( MATCH(LOOKUP(ROW($A13),ROW($A$1:$A13)/($A$1:$A13<>""),$A$1:$A13), {"Monday","Tuesday","Wednesday","Thursday","Friday","Saturday"},0)+9, COLUMN()-1 ) ) & ")" )} -> A/C (MP) | D13: {=IF( INDIRECT("TT_"&$B13&"!"& ADDRESS( MATCH(LOOKUP(ROW($A13),ROW($A$1:$A13)/($A$1:$A13<>""),$A$1:$A13), {"Monday","Tuesday","Wednesday","Thursday","Friday","Saturday"},0)+1, COLUMN()-1 ) )="","", INDIRECT("TT_"&$B13&"!"& ADDRESS( MATCH(LOOKUP(ROW($A13),ROW($A$1:$A13)/($A$1:$A13<>""),$A$1:$A13), {"Monday","Tuesday","Wednesday","Thursday","Friday","Saturday"},0)+1, COLUMN()-1 ) ) & " (" & INDIRECT("TT_"&$B13&"!"& ADDRESS( MATCH(LOOKUP(ROW($A13),ROW($A$1:$A13)/($A$1:$A13<>""),$A$1:$A13), {"Monday","Tuesday","Wednesday","Thursday","Friday","Saturday"},0)+9, COLUMN()-1 ) ) & ")" )} -> SST (PR) | E13: {=IF( INDIRECT("TT_"&$B13&"!"& ADDRESS( MATCH(LOOKUP(ROW($A13),ROW($A$1:$A13)/($A$1:$A13<>""),$A$1:$A13), {"Monday","Tuesday","Wednesday","Thursday","Friday","Saturday"},0)+1, COLUMN()-1 ) )="","", INDIRECT("TT_"&$B13&"!"& ADDRESS( MATCH(LOOKUP(ROW($A13),ROW($A$1:$A13)/($A$1:$A13<>""),$A$1:$A13), {"Monday","Tuesday","Wednesday","Thursday","Friday","Saturday"},0)+1, COLUMN()-1 ) ) & " (" & INDIRECT("TT_"&$B13&"!"& ADDRESS( MATCH(LOOKUP(ROW($A13),ROW($A$1:$A13)/($A$1:$A13<>""),$A$1:$A13), {"Monday","Tuesday","Wednesday","Thursday","Friday","Saturday"},0)+9, COLUMN()-1 ) ) & ")" )} -> English_Lit (RD) | F13: {=IF( INDIRECT("TT_"&$B13&"!"& ADDRESS( MATCH(LOOKUP(ROW($A13),ROW($A$1:$A13)/($A$1:$A13<>""),$A$1:$A13), {"Monday","Tuesday","Wednesday","Thursday","Friday","Saturday"},0)+1, COLUMN()-1 ) )="","", INDIRECT("TT_"&$B13&"!"& ADDRESS( MATCH(LOOKUP(ROW($A13),ROW($A$1:$A13)/($A$1:$A13<>""),$A$1:$A13), {"Monday","Tuesday","Wednesday","Thursday","Friday","Saturday"},0)+1, COLUMN()-1 ) ) & " (" & INDIRECT("TT_"&$B13&"!"& ADDRESS( MATCH(LOOKUP(ROW($A13),ROW($A$1:$A13)/($A$1:$A13<>""),$A$1:$A13), {"Monday","Tuesday","Wednesday","Thursday","Friday","Saturday"},0)+9, COLUMN()-1 ) ) & ")" )} -> Dance (SL) | G13: {=IF( INDIRECT("TT_"&$B13&"!"& ADDRESS( MATCH(LOOKUP(ROW($A13),ROW($A$1:$A13)/($A$1:$A13<>""),$A$1:$A13), {"Monday","Tuesday","Wednesday","Thursday","Friday","Saturday"},0)+1, COLUMN()-1 ) )="","", INDIRECT("TT_"&$B13&"!"& ADDRESS( MATCH(LOOKUP(ROW($A13),ROW($A$1:$A13)/($A$1:$A13<>""),$A$1:$A13), {"Monday","Tuesday","Wednesday","Thursday","Friday","Saturday"},0)+1, COLUMN()-1 ) ) & " (" & INDIRECT("TT_"&$B13&"!"& ADDRESS( MATCH(LOOKUP(ROW($A13),ROW($A$1:$A13)/($A$1:$A13<>""),$A$1:$A13), {"Monday","Tuesday","Wednesday","Thursday","Friday","Saturday"},0)+9, COLUMN()-1 ) ) & ")" )} -> Maths (NG) | H13: {=IF( INDIRECT("TT_"&$B13&"!"& ADDRESS( MATCH(LOOKUP(ROW($A13),ROW($A$1:$A13)/($A$1:$A13<>""),$A$1:$A13), {"Monday","Tuesday","Wednesday","Thursday","Friday","Saturday"},0)+1, COLUMN()-1 ) )="","", INDIRECT("TT_"&$B13&"!"& ADDRESS( MATCH(LOOKUP(ROW($A13),ROW($A$1:$A13)/($A$1:$A13<>""),$A$1:$A13), {"Monday","Tuesday","Wednesday","Thursday","Friday","Saturday"},0)+1, COLUMN()-1 ) ) & " (" & INDIRECT("TT_"&$B13&"!"& ADDRESS( MATCH(LOOKUP(ROW($A13),ROW($A$1:$A13)/($A$1:$A13<>""),$A$1:$A13), {"Monday","Tuesday","Wednesday","Thursday","Friday","Saturday"},0)+9, COLUMN()-1 ) ) & ")" )} -> F/S (SW,MS) | I13: {=IF( INDIRECT("TT_"&$B13&"!"& ADDRESS( MATCH(LOOKUP(ROW($A13),ROW($A$1:$A13)/($A$1:$A13<>""),$A$1:$A13), {"Monday","Tuesday","Wednesday","Thursday","Friday","Saturday"},0)+1, COLUMN()-1 ) )="","", INDIRECT("TT_"&$B13&"!"& ADDRESS( MATCH(LOOKUP(ROW($A13),ROW($A$1:$A13)/($A$1:$A13<>""),$A$1:$A13), {"Monday","Tuesday","Wednesday","Thursday","Friday","Saturday"},0)+1, COLUMN()-1 ) ) & " (" & INDIRECT("TT_"&$B13&"!"& ADDRESS( MATCH(LOOKUP(ROW($A13),ROW($A$1:$A13)/($A$1:$A13<>""),$A$1:$A13), {"Monday","Tuesday","Wednesday","Thursday","Friday","Saturday"},0)+9, COLUMN()-1 ) ) & ")" )} -> Skill (GA,SA,HSC) | J13: {=IF( INDIRECT("TT_"&$B13&"!"& ADDRESS( MATCH(LOOKUP(ROW($A13),ROW($A$1:$A13)/($A$1:$A13<>""),$A$1:$A13), {"Monday","Tuesday","Wednesday","Thursday","Friday","Saturday"},0)+1, COLUMN()-1 ) )="","", INDIRECT("TT_"&$B13&"!"& ADDRESS( MATCH(LOOKUP(ROW($A13),ROW($A$1:$A13)/($A$1:$A13<>""),$A$1:$A13), {"Monday","Tuesday","Wednesday","Thursday","Friday","Saturday"},0)+1, COLUMN()-1 ) ) & " (" & INDIRECT("TT_"&$B13&"!"& ADDRESS( MATCH(LOOKUP(ROW($A13),ROW($A$1:$A13)/($A$1:$A13<>""),$A$1:$A13), {"Monday","Tuesday","Wednesday","Thursday","Friday","Saturday"},0)+9, COLUMN()-1 ) ) & ")" )} -> Science (SB)
B14: 6b | C14: {=IF( INDIRECT("TT_"&$B14&"!"& ADDRESS( MATCH(LOOKUP(ROW($A14),ROW($A$1:$A14)/($A$1:$A14<>""),$A$1:$A14), {"Monday","Tuesday","Wednesday","Thursday","Friday","Saturday"},0)+1, COLUMN()-1 ) )="","", INDIRECT("TT_"&$B14&"!"& ADDRESS( MATCH(LOOKUP(ROW($A14),ROW($A$1:$A14)/($A$1:$A14<>""),$A$1:$A14), {"Monday","Tuesday","Wednesday","Thursday","Friday","Saturday"},0)+1, COLUMN()-1 ) ) & " (" & INDIRECT("TT_"&$B14&"!"& ADDRESS( MATCH(LOOKUP(ROW($A14),ROW($A$1:$A14)/($A$1:$A14<>""),$A$1:$A14), {"Monday","Tuesday","Wednesday","Thursday","Friday","Saturday"},0)+9, COLUMN()-1 ) ) & ")" )} -> Hindi_Lit (MS) | D14: {=IF( INDIRECT("TT_"&$B14&"!"& ADDRESS( MATCH(LOOKUP(ROW($A14),ROW($A$1:$A14)/($A$1:$A14<>""),$A$1:$A14), {"Monday","Tuesday","Wednesday","Thursday","Friday","Saturday"},0)+1, COLUMN()-1 ) )="","", INDIRECT("TT_"&$B14&"!"& ADDRESS( MATCH(LOOKUP(ROW($A14),ROW($A$1:$A14)/($A$1:$A14<>""),$A$1:$A14), {"Monday","Tuesday","Wednesday","Thursday","Friday","Saturday"},0)+1, COLUMN()-1 ) ) & " (" & INDIRECT("TT_"&$B14&"!"& ADDRESS( MATCH(LOOKUP(ROW($A14),ROW($A$1:$A14)/($A$1:$A14<>""),$A$1:$A14), {"Monday","Tuesday","Wednesday","Thursday","Friday","Saturday"},0)+9, COLUMN()-1 ) ) & ")" )} -> English_Lit (RD) | E14: {=IF( INDIRECT("TT_"&$B14&"!"& ADDRESS( MATCH(LOOKUP(ROW($A14),ROW($A$1:$A14)/($A$1:$A14<>""),$A$1:$A14), {"Monday","Tuesday","Wednesday","Thursday","Friday","Saturday"},0)+1, COLUMN()-1 ) )="","", INDIRECT("TT_"&$B14&"!"& ADDRESS( MATCH(LOOKUP(ROW($A14),ROW($A$1:$A14)/($A$1:$A14<>""),$A$1:$A14), {"Monday","Tuesday","Wednesday","Thursday","Friday","Saturday"},0)+1, COLUMN()-1 ) ) & " (" & INDIRECT("TT_"&$B14&"!"& ADDRESS( MATCH(LOOKUP(ROW($A14),ROW($A$1:$A14)/($A$1:$A14<>""),$A$1:$A14), {"Monday","Tuesday","Wednesday","Thursday","Friday","Saturday"},0)+9, COLUMN()-1 ) ) & ")" )} -> Science (AB) | F14: {=IF( INDIRECT("TT_"&$B14&"!"& ADDRESS( MATCH(LOOKUP(ROW($A14),ROW($A$1:$A14)/($A$1:$A14<>""),$A$1:$A14), {"Monday","Tuesday","Wednesday","Thursday","Friday","Saturday"},0)+1, COLUMN()-1 ) )="","", INDIRECT("TT_"&$B14&"!"& ADDRESS( MATCH(LOOKUP(ROW($A14),ROW($A$1:$A14)/($A$1:$A14<>""),$A$1:$A14), {"Monday","Tuesday","Wednesday","Thursday","Friday","Saturday"},0)+1, COLUMN()-1 ) ) & " (" & INDIRECT("TT_"&$B14&"!"& ADDRESS( MATCH(LOOKUP(ROW($A14),ROW($A$1:$A14)/($A$1:$A14<>""),$A$1:$A14), {"Monday","Tuesday","Wednesday","Thursday","Friday","Saturday"},0)+9, COLUMN()-1 ) ) & ")" )} -> Computer (NP) | G14: {=IF( INDIRECT("TT_"&$B14&"!"& ADDRESS( MATCH(LOOKUP(ROW($A14),ROW($A$1:$A14)/($A$1:$A14<>""),$A$1:$A14), {"Monday","Tuesday","Wednesday","Thursday","Friday","Saturday"},0)+1, COLUMN()-1 ) )="","", INDIRECT("TT_"&$B14&"!"& ADDRESS( MATCH(LOOKUP(ROW($A14),ROW($A$1:$A14)/($A$1:$A14<>""),$A$1:$A14), {"Monday","Tuesday","Wednesday","Thursday","Friday","Saturday"},0)+1, COLUMN()-1 ) ) & " (" & INDIRECT("TT_"&$B14&"!"& ADDRESS( MATCH(LOOKUP(ROW($A14),ROW($A$1:$A14)/($A$1:$A14<>""),$A$1:$A14), {"Monday","Tuesday","Wednesday","Thursday","Friday","Saturday"},0)+9, COLUMN()-1 ) ) & ")" )} -> Computer (NP) | H14: {=IF( INDIRECT("TT_"&$B14&"!"& ADDRESS( MATCH(LOOKUP(ROW($A14),ROW($A$1:$A14)/($A$1:$A14<>""),$A$1:$A14), {"Monday","Tuesday","Wednesday","Thursday","Friday","Saturday"},0)+1, COLUMN()-1 ) )="","", INDIRECT("TT_"&$B14&"!"& ADDRESS( MATCH(LOOKUP(ROW($A14),ROW($A$1:$A14)/($A$1:$A14<>""),$A$1:$A14), {"Monday","Tuesday","Wednesday","Thursday","Friday","Saturday"},0)+1, COLUMN()-1 ) ) & " (" & INDIRECT("TT_"&$B14&"!"& ADDRESS( MATCH(LOOKUP(ROW($A14),ROW($A$1:$A14)/($A$1:$A14<>""),$A$1:$A14), {"Monday","Tuesday","Wednesday","Thursday","Friday","Saturday"},0)+9, COLUMN()-1 ) ) & ")" )} -> F/S (SW,MS) | I14: {=IF( INDIRECT("TT_"&$B14&"!"& ADDRESS( MATCH(LOOKUP(ROW($A14),ROW($A$1:$A14)/($A$1:$A14<>""),$A$1:$A14), {"Monday","Tuesday","Wednesday","Thursday","Friday","Saturday"},0)+1, COLUMN()-1 ) )="","", INDIRECT("TT_"&$B14&"!"& ADDRESS( MATCH(LOOKUP(ROW($A14),ROW($A$1:$A14)/($A$1:$A14<>""),$A$1:$A14), {"Monday","Tuesday","Wednesday","Thursday","Friday","Saturday"},0)+1, COLUMN()-1 ) ) & " (" & INDIRECT("TT_"&$B14&"!"& ADDRESS( MATCH(LOOKUP(ROW($A14),ROW($A$1:$A14)/($A$1:$A14<>""),$A$1:$A14), {"Monday","Tuesday","Wednesday","Thursday","Friday","Saturday"},0)+9, COLUMN()-1 ) ) & ")" )} -> Maths (NG) | J14: {=IF( INDIRECT("TT_"&$B14&"!"& ADDRESS( MATCH(LOOKUP(ROW($A14),ROW($A$1:$A14)/($A$1:$A14<>""),$A$1:$A14), {"Monday","Tuesday","Wednesday","Thursday","Friday","Saturday"},0)+1, COLUMN()-1 ) )="","", INDIRECT("TT_"&$B14&"!"& ADDRESS( MATCH(LOOKUP(ROW($A14),ROW($A$1:$A14)/($A$1:$A14<>""),$A$1:$A14), {"Monday","Tuesday","Wednesday","Thursday","Friday","Saturday"},0)+1, COLUMN()-1 ) ) & " (" & INDIRECT("TT_"&$B14&"!"& ADDRESS( MATCH(LOOKUP(ROW($A14),ROW($A$1:$A14)/($A$1:$A14<>""),$A$1:$A14), {"Monday","Tuesday","Wednesday","Thursday","Friday","Saturday"},0)+9, COLUMN()-1 ) ) & ")" )} -> SST (PR)
... B23: 11b | C23: {=IF( INDIRECT("TT_"&$B23&"!"& ADDRESS( MATCH(LOOKUP(ROW($A23),ROW($A$1:$A23)/($A$1:$A23<>""),$A$1:$A23), {"Monday","Tuesday","Wednesday","Thursday","Friday","Saturday"},0)+1, COLUMN()-1 ) )="","", INDIRECT("TT_"&$B23&"!"& ADDRESS( MATCH(LOOKUP(ROW($A23),ROW($A$1:$A23)/($A$1:$A23<>""),$A$1:$A23), {"Monday","Tuesday","Wednesday","Thursday","Friday","Saturday"},0)+1, COLUMN()-1 ) ) & " (" & INDIRECT("TT_"&$B23&"!"& ADDRESS( MATCH(LOOKUP(ROW($A23),ROW($A$1:$A23)/($A$1:$A23<>""),$A$1:$A23), {"Monday","Tuesday","Wednesday","Thursday","Friday","Saturday"},0)+9, COLUMN()-1 ) ) & ")" )} -> Accounts/HIST (SA,SS) | D23: {=IF( INDIRECT("TT_"&$B23&"!"& ADDRESS( MATCH(LOOKUP(ROW($A23),ROW($A$1:$A23)/($A$1:$A23<>""),$A$1:$A23), {"Monday","Tuesday","Wednesday","Thursday","Friday","Saturday"},0)+1, COLUMN()-1 ) )="","", INDIRECT("TT_"&$B23&"!"& ADDRESS( MATCH(LOOKUP(ROW($A23),ROW($A$1:$A23)/($A$1:$A23<>""),$A$1:$A23), {"Monday","Tuesday","Wednesday","Thursday","Friday","Saturday"},0)+1, COLUMN()-1 ) ) & " (" & INDIRECT("TT_"&$B23&"!"& ADDRESS( MATCH(LOOKUP(ROW($A23),ROW($A$1:$A23)/($A$1:$A23<>""),$A$1:$A23), {"Monday","Tuesday","Wednesday","Thursday","Friday","Saturday"},0)+9, COLUMN()-1 ) ) & ")" )} -> Games (DV) | E23: {=IF( INDIRECT("TT_"&$B23&"!"& ADDRESS( MATCH(LOOKUP(ROW($A23),ROW($A$1:$A23)/($A$1:$A23<>""),$A$1:$A23), {"Monday","Tuesday","Wednesday","Thursday","Friday","Saturday"},0)+1, COLUMN()-1 ) )="","", INDIRECT("TT_"&$B23&"!"& ADDRESS( MATCH(LOOKUP(ROW($A23),ROW($A$1:$A23)/($A$1:$A23<>""),$A$1:$A23), {"Monday","Tuesday","Wednesday","Thursday","Friday","Saturday"},0)+1, COLUMN()-1 ) ) & " (" & INDIRECT("TT_"&$B23&"!"& ADDRESS( MATCH(LOOKUP(ROW($A23),ROW($A$1:$A23)/($A$1:$A23<>""),$A$1:$A23), {"Monday","Tuesday","Wednesday","Thursday","Friday","Saturday"},0)+9, COLUMN()-1 ) ) & ")" )} -> English (MN) | F23: {=IF( INDIRECT("TT_"&$B23&"!"& ADDRESS( MATCH(LOOKUP(ROW($A23),ROW($A$1:$A23)/($A$1:$A23<>""),$A$1:$A23), {"Monday","Tuesday","Wednesday","Thursday","Friday","Saturday"},0)+1, COLUMN()-1 ) )="","", INDIRECT("TT_"&$B23&"!"& ADDRESS( MATCH(LOOKUP(ROW($A23),ROW($A$1:$A23)/($A$1:$A23<>""),$A$1:$A23), {"Monday","Tuesday","Wednesday","Thursday","Friday","Saturday"},0)+1, COLUMN()-1 ) ) & " (" & INDIRECT("TT_"&$B23&"!"& ADDRESS( MATCH(LOOKUP(ROW($A23),ROW($A$1:$A23)/($A$1:$A23<>""),$A$1:$A23), {"Monday","Tuesday","Wednesday","Thursday","Friday","Saturday"},0)+9, COLUMN()-1 ) ) & ")" )} -> Food_P/AI/Lib_Sc (RN,AR,SP) | G23: {=IF( INDIRECT("TT_"&$B23&"!"& ADDRESS( MATCH(LOOKUP(ROW($A23),ROW($A$1:$A23)/($A$1:$A23<>""),$A$1:$A23), {"Monday","Tuesday","Wednesday","Thursday","Friday","Saturday"},0)+1, COLUMN()-1 ) )="","", INDIRECT("TT_"&$B23&"!"& ADDRESS( MATCH(LOOKUP(ROW($A23),ROW($A$1:$A23)/($A$1:$A23<>""),$A$1:$A23), {"Monday","Tuesday","Wednesday","Thursday","Friday","Saturday"},0)+1, COLUMN()-1 ) ) & " (" & INDIRECT("TT_"&$B23&"!"& ADDRESS( MATCH(LOOKUP(ROW($A23),ROW($A$1:$A23)/($A$1:$A23<>""),$A$1:$A23), {"Monday","Tuesday","Wednesday","Thursday","Friday","Saturday"},0)+9, COLUMN()-1 ) ) & ")" )} -> Bio/Eco/Phy_Edu (SB,SA,DV) | H23: {=IF( INDIRECT("TT_"&$B23&"!"& ADDRESS( MATCH(LOOKUP(ROW($A23),ROW($A$1:$A23)/($A$1:$A23<>""),$A$1:$A23), {"Monday","Tuesday","Wednesday","Thursday","Friday","Saturday"},0)+1, COLUMN()-1 ) )="","", INDIRECT("TT_"&$B23&"!"& ADDRESS( MATCH(LOOKUP(ROW($A23),ROW($A$1:$A23)/($A$1:$A23<>""),$A$1:$A23), {"Monday","Tuesday","Wednesday","Thursday","Friday","Saturday"},0)+1, COLUMN()-1 ) ) & " (" & INDIRECT("TT_"&$B23&"!"& ADDRESS( MATCH(LOOKUP(ROW($A23),ROW($A$1:$A23)/($A$1:$A23<>""),$A$1:$A23), {"Monday","Tuesday","Wednesday","Thursday","Friday","Saturday"},0)+9, COLUMN()-1 ) ) & ")" )} -> BSt/Pol_Sc (SA,SS) | I23: {=IF( INDIRECT("TT_"&$B23&"!"& ADDRESS( MATCH(LOOKUP(ROW($A23),ROW($A$1:$A23)/($A$1:$A23<>""),$A$1:$A23), {"Monday","Tuesday","Wednesday","Thursday","Friday","Saturday"},0)+1, COLUMN()-1 ) )="","", INDIRECT("TT_"&$B23&"!"& ADDRESS( MATCH(LOOKUP(ROW($A23),ROW($A$1:$A23)/($A$1:$A23<>""),$A$1:$A23), {"Monday","Tuesday","Wednesday","Thursday","Friday","Saturday"},0)+1, COLUMN()-1 ) ) & " (" & INDIRECT("TT_"&$B23&"!"& ADDRESS( MATCH(LOOKUP(ROW($A23),ROW($A$1:$A23)/($A$1:$A23<>""),$A$1:$A23), {"Monday","Tuesday","Wednesday","Thursday","Friday","Saturday"},0)+9, COLUMN()-1 ) ) & ")" )} -> Maths/Music/Hindi (AG,MG,MS) | J23: {=IF( INDIRECT("TT_"&$B23&"!"& ADDRESS( MATCH(LOOKUP(ROW($A23),ROW($A$1:$A23)/($A$1:$A23<>""),$A$1:$A23), {"Monday","Tuesday","Wednesday","Thursday","Friday","Saturday"},0)+1, COLUMN()-1 ) )="","", INDIRECT("TT_"&$B23&"!"& ADDRESS( MATCH(LOOKUP(ROW($A23),ROW($A$1:$A23)/($A$1:$A23<>""),$A$1:$A23), {"Monday","Tuesday","Wednesday","Thursday","Friday","Saturday"},0)+1, COLUMN()-1 ) ) & " (" & INDIRECT("TT_"&$B23&"!"& ADDRESS( MATCH(LOOKUP(ROW($A23),ROW($A$1:$A23)/($A$1:$A23<>""),$A$1:$A23), {"Monday","Tuesday","Wednesday","Thursday","Friday","Saturday"},0)+9, COLUMN()-1 ) ) & ")" )} -> BSt/Pol_Sc (SA,SS)
A24: TUESDAY | B24: 1a | C24: {=IF( INDIRECT("TT_"&$B24&"!"& ADDRESS( MATCH(LOOKUP(ROW($A24),ROW($A$1:$A24)/($A$1:$A24<>""),$A$1:$A24), {"Monday","Tuesday","Wednesday","Thursday","Friday","Saturday"},0)+1, COLUMN()-1 ) )="","", INDIRECT("TT_"&$B24&"!"& ADDRESS( MATCH(LOOKUP(ROW($A24),ROW($A$1:$A24)/($A$1:$A24<>""),$A$1:$A24), {"Monday","Tuesday","Wednesday","Thursday","Friday","Saturday"},0)+1, COLUMN()-1 ) ) & " (" & INDIRECT("TT_"&$B24&"!"& ADDRESS( MATCH(LOOKUP(ROW($A24),ROW($A$1:$A24)/($A$1:$A24<>""),$A$1:$A24), {"Monday","Tuesday","Wednesday","Thursday","Friday","Saturday"},0)+9, COLUMN()-1 ) ) & ")" )} -> Maths (NM) | D24: {=IF( INDIRECT("TT_"&$B24&"!"& ADDRESS( MATCH(LOOKUP(ROW($A24),ROW($A$1:$A24)/($A$1:$A24<>""),$A$1:$A24), {"Monday","Tuesday","Wednesday","Thursday","Friday","Saturday"},0)+1, COLUMN()-1 ) )="","", INDIRECT("TT_"&$B24&"!"& ADDRESS( MATCH(LOOKUP(ROW($A24),ROW($A$1:$A24)/($A$1:$A24<>""),$A$1:$A24), {"Monday","Tuesday","Wednesday","Thursday","Friday","Saturday"},0)+1, COLUMN()-1 ) ) & " (" & INDIRECT("TT_"&$B24&"!"& ADDRESS( MATCH(LOOKUP(ROW($A24),ROW($A$1:$A24)/($A$1:$A24<>""),$A$1:$A24), {"Monday","Tuesday","Wednesday","Thursday","Friday","Saturday"},0)+9, COLUMN()-1 ) ) & ")" )} -> Computer (NM) | E24: {=IF( INDIRECT("TT_"&$B24&"!"& ADDRESS( MATCH(LOOKUP(ROW($A24),ROW($A$1:$A24)/($A$1:$A24<>""),$A$1:$A24), {"Monday","Tuesday","Wednesday","Thursday","Friday","Saturday"},0)+1, COLUMN()-1 ) )="","", INDIRECT("TT_"&$B24&"!"& ADDRESS( MATCH(LOOKUP(ROW($A24),ROW($A$1:$A24)/($A$1:$A24<>""),$A$1:$A24), {"Monday","Tuesday","Wednesday","Thursday","Friday","Saturday"},0)+1, COLUMN()-1 ) ) & " (" & INDIRECT("TT_"&$B24&"!"& ADDRESS( MATCH(LOOKUP(ROW($A24),ROW($A$1:$A24)/($A$1:$A24<>""),$A$1:$A24), {"Monday","Tuesday","Wednesday","Thursday","Friday","Saturday"},0)+9, COLUMN()-1 ) ) & ")" )} -> EVS (NM) | F24: {=IF( INDIRECT("TT_"&$B24&"!"& ADDRESS( MATCH(LOOKUP(ROW($A24),ROW($A$1:$A24)/($A$1:$A24<>""),$A$1:$A24), {"Monday","Tuesday","Wednesday","Thursday","Friday","Saturday"},0)+1, COLUMN()-1 ) )="","", INDIRECT("TT_"&$B24&"!"& ADDRESS( MATCH(LOOKUP(ROW($A24),ROW($A$1:$A24)/($A$1:$A24<>""),$A$1:$A24), {"Monday","Tuesday","Wednesday","Thursday","Friday","Saturday"},0)+1, COLUMN()-1 ) ) & " (" & INDIRECT("TT_"&$B24&"!"& ADDRESS( MATCH(LOOKUP(ROW($A24),ROW($A$1:$A24)/($A$1:$A24<>""),$A$1:$A24), {"Monday","Tuesday","Wednesday","Thursday","Friday","Saturday"},0)+9, COLUMN()-1 ) ) & ")" )} -> Dance (SL) | G24: {=IF( INDIRECT("TT_"&$B24&"!"& ADDRESS( MATCH(LOOKUP(ROW($A24),ROW($A$1:$A24)/($A$1:$A24<>""),$A$1:$A24), {"Monday","Tuesday","Wednesday","Thursday","Friday","Saturday"},0)+1, COLUMN()-1 ) )="","", INDIRECT("TT_"&$B24&"!"& ADDRESS( MATCH(LOOKUP(ROW($A24),ROW($A$1:$A24)/($A$1:$A24<>""),$A$1:$A24), {"Monday","Tuesday","Wednesday","Thursday","Friday","Saturday"},0)+1, COLUMN()-1 ) ) & " (" & INDIRECT("TT_"&$B24&"!"& ADDRESS( MATCH(LOOKUP(ROW($A24),ROW($A$1:$A24)/($A$1:$A24<>""),$A$1:$A24), {"Monday","Tuesday","Wednesday","Thursday","Friday","Saturday"},0)+9, COLUMN()-1 ) ) & ")" )} -> English_Lit (NM) | H24: {=IF( INDIRECT("TT_"&$B24&"!"& ADDRESS( MATCH(LOOKUP(ROW($A24),ROW($A$1:$A24)/($A$1:$A24<>""),$A$1:$A24), {"Monday","Tuesday","Wednesday","Thursday","Friday","Saturday"},0)+1, COLUMN()-1 ) )="","", INDIRECT("TT_"&$B24&"!"& ADDRESS( MATCH(LOOKUP(ROW($A24),ROW($A$1:$A24)/($A$1:$A24<>""),$A$1:$A24), {"Monday","Tuesday","Wednesday","Thursday","Friday","Saturday"},0)+1, COLUMN()-1 ) ) & " (" & INDIRECT("TT_"&$B24&"!"& ADDRESS( MATCH(LOOKUP(ROW($A24),ROW($A$1:$A24)/($A$1:$A24<>""),$A$1:$A24), {"Monday","Tuesday","Wednesday","Thursday","Friday","Saturday"},0)+9, COLUMN()-1 ) ) & ")" )} -> EVS (NM) | I24: {=IF( INDIRECT("TT_"&$B24&"!"& ADDRESS( MATCH(LOOKUP(ROW($A24),ROW($A$1:$A24)/($A$1:$A24<>""),$A$1:$A24), {"Monday","Tuesday","Wednesday","Thursday","Friday","Saturday"},0)+1, COLUMN()-1 ) )="","", INDIRECT("TT_"&$B24&"!"& ADDRESS( MATCH(LOOKUP(ROW($A24),ROW($A$1:$A24)/($A$1:$A24<>""),$A$1:$A24), {"Monday","Tuesday","Wednesday","Thursday","Friday","Saturday"},0)+1, COLUMN()-1 ) ) & " (" & INDIRECT("TT_"&$B24&"!"& ADDRESS( MATCH(LOOKUP(ROW($A24),ROW($A$1:$A24)/($A$1:$A24<>""),$A$1:$A24), {"Monday","Tuesday","Wednesday","Thursday","Friday","Saturday"},0)+9, COLUMN()-1 ) ) & ")" )} -> Library (SP) | J24: {=IF( INDIRECT("TT_"&$B24&"!"& ADDRESS( MATCH(LOOKUP(ROW($A24),ROW($A$1:$A24)/($A$1:$A24<>""),$A$1:$A24), {"Monday","Tuesday","Wednesday","Thursday","Friday","Saturday"},0)+1, COLUMN()-1 ) )="","", INDIRECT("TT_"&$B24&"!"& ADDRESS( MATCH(LOOKUP(ROW($A24),ROW($A$1:$A24)/($A$1:$A24<>""),$A$1:$A24), {"Monday","Tuesday","Wednesday","Thursday","Friday","Saturday"},0)+1, COLUMN()-1 ) ) & " (" & INDIRECT("TT_"&$B24&"!"& ADDRESS( MATCH(LOOKUP(ROW($A24),ROW($A$1:$A24)/($A$1:$A24<>""),$A$1:$A24), {"Monday","Tuesday","Wednesday","Thursday","Friday","Saturday"},0)+9, COLUMN()-1 ) ) & ")" )} -> Hindi_Lit (NM)
B25: 1b | C25: {=IF( INDIRECT("TT_"&$B25&"!"& ADDRESS( MATCH(LOOKUP(ROW($A25),ROW($A$1:$A25)/($A$1:$A25<>""),$A$1:$A25), {"Monday","Tuesday","Wednesday","Thursday","Friday","Saturday"},0)+1, COLUMN()-1 ) )="","", INDIRECT("TT_"&$B25&"!"& ADDRESS( MATCH(LOOKUP(ROW($A25),ROW($A$1:$A25)/($A$1:$A25<>""),$A$1:$A25), {"Monday","Tuesday","Wednesday","Thursday","Friday","Saturday"},0)+1, COLUMN()-1 ) ) & " (" & INDIRECT("TT_"&$B25&"!"& ADDRESS( MATCH(LOOKUP(ROW($A25),ROW($A$1:$A25)/($A$1:$A25<>""),$A$1:$A25), {"Monday","Tuesday","Wednesday","Thursday","Friday","Saturday"},0)+9, COLUMN()-1 ) ) & ")" )} -> Dance (SL) | D25: {=IF( INDIRECT("TT_"&$B25&"!"& ADDRESS( MATCH(LOOKUP(ROW($A25),ROW($A$1:$A25)/($A$1:$A25<>""),$A$1:$A25), {"Monday","Tuesday","Wednesday","Thursday","Friday","Saturday"},0)+1, COLUMN()-1 ) )="","", INDIRECT("TT_"&$B25&"!"& ADDRESS( MATCH(LOOKUP(ROW($A25),ROW($A$1:$A25)/($A$1:$A25<>""),$A$1:$A25), {"Monday","Tuesday","Wednesday","Thursday","Friday","Saturday"},0)+1, COLUMN()-1 ) ) & " (" & INDIRECT("TT_"&$B25&"!"& ADDRESS( MATCH(LOOKUP(ROW($A25),ROW($A$1:$A25)/($A$1:$A25<>""),$A$1:$A25), {"Monday","Tuesday","Wednesday","Thursday","Friday","Saturday"},0)+9, COLUMN()-1 ) ) & ")" )} -> English_Lit (TP) | E25: {=IF( INDIRECT("TT_"&$B25&"!"& ADDRESS( MATCH(LOOKUP(ROW($A25),ROW($A$1:$A25)/($A$1:$A25<>""),$A$1:$A25), {"Monday","Tuesday","Wednesday","Thursday","Friday","Saturday"},0)+1, COLUMN()-1 ) )="","", INDIRECT("TT_"&$B25&"!"& ADDRESS( MATCH(LOOKUP(ROW($A25),ROW($A$1:$A25)/($A$1:$A25<>""),$A$1:$A25), {"Monday","Tuesday","Wednesday","Thursday","Friday","Saturday"},0)+1, COLUMN()-1 ) ) & " (" & INDIRECT("TT_"&$B25&"!"& ADDRESS( MATCH(LOOKUP(ROW($A25),ROW($A$1:$A25)/($A$1:$A25<>""),$A$1:$A25), {"Monday","Tuesday","Wednesday","Thursday","Friday","Saturday"},0)+9, COLUMN()-1 ) ) & ")" )} -> A/C (MP) | F25: {=IF( INDIRECT("TT_"&$B25&"!"& ADDRESS( MATCH(LOOKUP(ROW($A25),ROW($A$1:$A25)/($A$1:$A25<>""),$A$1:$A25), {"Monday","Tuesday","Wednesday","Thursday","Friday","Saturday"},0)+1, COLUMN()-1 ) )="","", INDIRECT("TT_"&$B25&"!"& ADDRESS( MATCH(LOOKUP(ROW($A25),ROW($A$1:$A25)/($A$1:$A25<>""),$A$1:$A25), {"Monday","Tuesday","Wednesday","Thursday","Friday","Saturday"},0)+1, COLUMN()-1 ) ) & " (" & INDIRECT("TT_"&$B25&"!"& ADDRESS( MATCH(LOOKUP(ROW($A25),ROW($A$1:$A25)/($A$1:$A25<>""),$A$1:$A25), {"Monday","Tuesday","Wednesday","Thursday","Friday","Saturday"},0)+9, COLUMN()-1 ) ) & ")" )} -> EVS (TP) | G25: {=IF( INDIRECT("TT_"&$B25&"!"& ADDRESS( MATCH(LOOKUP(ROW($A25),ROW($A$1:$A25)/($A$1:$A25<>""),$A$1:$A25), {"Monday","Tuesday","Wednesday","Thursday","Friday","Saturday"},0)+1, COLUMN()-1 ) )="","", INDIRECT("TT_"&$B25&"!"& ADDRESS( MATCH(LOOKUP(ROW($A25),ROW($A$1:$A25)/($A$1:$A25<>""),$A$1:$A25), {"Monday","Tuesday","Wednesday","Thursday","Friday","Saturday"},0)+1, COLUMN()-1 ) ) & " (" & INDIRECT("TT_"&$B25&"!"& ADDRESS( MATCH(LOOKUP(ROW($A25),ROW($A$1:$A25)/($A$1:$A25<>""),$A$1:$A25), {"Monday","Tuesday","Wednesday","Thursday","Friday","Saturday"},0)+9, COLUMN()-1 ) ) & ")" )} -> Maths (TP) | H25: {=IF( INDIRECT("TT_"&$B25&"!"& ADDRESS( MATCH(LOOKUP(ROW($A25),ROW($A$1:$A25)/($A$1:$A25<>""),$A$1:$A25), {"Monday","Tuesday","Wednesday","Thursday","Friday","Saturday"},0)+1, COLUMN()-1 ) )="","", INDIRECT("TT_"&$B25&"!"& ADDRESS( MATCH(LOOKUP(ROW($A25),ROW($A$1:$A25)/($A$1:$A25<>""),$A$1:$A25), {"Monday","Tuesday","Wednesday","Thursday","Friday","Saturday"},0)+1, COLUMN()-1 ) ) & " (" & INDIRECT("TT_"&$B25&"!"& ADDRESS( MATCH(LOOKUP(ROW($A25),ROW($A$1:$A25)/($A$1:$A25<>""),$A$1:$A25), {"Monday","Tuesday","Wednesday","Thursday","Friday","Saturday"},0)+9, COLUMN()-1 ) ) & ")" )} -> EVS (TP) | I25: {=IF( INDIRECT("TT_"&$B25&"!"& ADDRESS( MATCH(LOOKUP(ROW($A25),ROW($A$1:$A25)/($A$1:$A25<>""),$A$1:$A25), {"Monday","Tuesday","Wednesday","Thursday","Friday","Saturday"},0)+1, COLUMN()-1 ) )="","", INDIRECT("TT_"&$B25&"!"& ADDRESS( MATCH(LOOKUP(ROW($A25),ROW($A$1:$A25)/($A$1:$A25<>""),$A$1:$A25), {"Monday","Tuesday","Wednesday","Thursday","Friday","Saturday"},0)+1, COLUMN()-1 ) ) & " (" & INDIRECT("TT_"&$B25&"!"& ADDRESS( MATCH(LOOKUP(ROW($A25),ROW($A$1:$A25)/($A$1:$A25<>""),$A$1:$A25), {"Monday","Tuesday","Wednesday","Thursday","Friday","Saturday"},0)+9, COLUMN()-1 ) ) & ")" )} -> Library (SP) | J25: {=IF( INDIRECT("TT_"&$B25&"!"& ADDRESS( MATCH(LOOKUP(ROW($A25),ROW($A$1:$A25)/($A$1:$A25<>""),$A$1:$A25), {"Monday","Tuesday","Wednesday","Thursday","Friday","Saturday"},0)+1, COLUMN()-1 ) )="","", INDIRECT("TT_"&$B25&"!"& ADDRESS( MATCH(LOOKUP(ROW($A25),ROW($A$1:$A25)/($A$1:$A25<>""),$A$1:$A25), {"Monday","Tuesday","Wednesday","Thursday","Friday","Saturday"},0)+1, COLUMN()-1 ) ) & " (" & INDIRECT("TT_"&$B25&"!"& ADDRESS( MATCH(LOOKUP(ROW($A25),ROW($A$1:$A25)/($A$1:$A25<>""),$A$1:$A25), {"Monday","Tuesday","Wednesday","Thursday","Friday","Saturday"},0)+9, COLUMN()-1 ) ) & ")" )} -> Hindi_Lit (TP)
B26: 2a | C26: {=IF( INDIRECT("TT_"&$B26&"!"& ADDRESS( MATCH(LOOKUP(ROW($A26),ROW($A$1:$A26)/($A$1:$A26<>""),$A$1:$A26), {"Monday","Tuesday","Wednesday","Thursday","Friday","Saturday"},0)+1, COLUMN()-1 ) )="","", INDIRECT("TT_"&$B26&"!"& ADDRESS( MATCH(LOOKUP(ROW($A26),ROW($A$1:$A26)/($A$1:$A26<>""),$A$1:$A26), {"Monday","Tuesday","Wednesday","Thursday","Friday","Saturday"},0)+1, COLUMN()-1 ) ) & " (" & INDIRECT("TT_"&$B26&"!"& ADDRESS( MATCH(LOOKUP(ROW($A26),ROW($A$1:$A26)/($A$1:$A26<>""),$A$1:$A26), {"Monday","Tuesday","Wednesday","Thursday","Friday","Saturday"},0)+9, COLUMN()-1 ) ) & ")" )} -> Maths (PB) | D26: {=IF( INDIRECT("TT_"&$B26&"!"& ADDRESS( MATCH(LOOKUP(ROW($A26),ROW($A$1:$A26)/($A$1:$A26<>""),$A$1:$A26), {"Monday","Tuesday","Wednesday","Thursday","Friday","Saturday"},0)+1, COLUMN()-1 ) )="","", INDIRECT("TT_"&$B26&"!"& ADDRESS( MATCH(LOOKUP(ROW($A26),ROW($A$1:$A26)/($A$1:$A26<>""),$A$1:$A26), {"Monday","Tuesday","Wednesday","Thursday","Friday","Saturday"},0)+1, COLUMN()-1 ) ) & " (" & INDIRECT("TT_"&$B26&"!"& ADDRESS( MATCH(LOOKUP(ROW($A26),ROW($A$1:$A26)/($A$1:$A26<>""),$A$1:$A26), {"Monday","Tuesday","Wednesday","Thursday","Friday","Saturday"},0)+9, COLUMN()-1 ) ) & ")" )} -> English_Lit (PB) | E26: {=IF( INDIRECT("TT_"&$B26&"!"& ADDRESS( MATCH(LOOKUP(ROW($A26),ROW($A$1:$A26)/($A$1:$A26<>""),$A$1:$A26), {"Monday","Tuesday","Wednesday","Thursday","Friday","Saturday"},0)+1, COLUMN()-1 ) )="","", INDIRECT("TT_"&$B26&"!"& ADDRESS( MATCH(LOOKUP(ROW($A26),ROW($A$1:$A26)/($A$1:$A26<>""),$A$1:$A26), {"Monday","Tuesday","Wednesday","Thursday","Friday","Saturday"},0)+1, COLUMN()-1 ) ) & " (" & INDIRECT("TT_"&$B26&"!"& ADDRESS( MATCH(LOOKUP(ROW($A26),ROW($A$1:$A26)/($A$1:$A26<>""),$A$1:$A26), {"Monday","Tuesday","Wednesday","Thursday","Friday","Saturday"},0)+9, COLUMN()-1 ) ) & ")" )} -> Dance (SL) | F26: {=IF( INDIRECT("TT_"&$B26&"!"& ADDRESS( MATCH(LOOKUP(ROW($A26),ROW($A$1:$A26)/($A$1:$A26<>""),$A$1:$A26), {"Monday","Tuesday","Wednesday","Thursday","Friday","Saturday"},0)+1, COLUMN()-1 ) )="","", INDIRECT("TT_"&$B26&"!"& ADDRESS( MATCH(LOOKUP(ROW($A26),ROW($A$1:$A26)/($A$1:$A26<>""),$A$1:$A26), {"Monday","Tuesday","Wednesday","Thursday","Friday","Saturday"},0)+1, COLUMN()-1 ) ) & " (" & INDIRECT("TT_"&$B26&"!"& ADDRESS( MATCH(LOOKUP(ROW($A26),ROW($A$1:$A26)/($A$1:$A26<>""),$A$1:$A26), {"Monday","Tuesday","Wednesday","Thursday","Friday","Saturday"},0)+9, COLUMN()-1 ) ) & ")" )} -> GK (PB) | G26: {=IF( INDIRECT("TT_"&$B26&"!"& ADDRESS( MATCH(LOOKUP(ROW($A26),ROW($A$1:$A26)/($A$1:$A26<>""),$A$1:$A26), {"Monday","Tuesday","Wednesday","Thursday","Friday","Saturday"},0)+1, COLUMN()-1 ) )="","", INDIRECT("TT_"&$B26&"!"& ADDRESS( MATCH(LOOKUP(ROW($A26),ROW($A$1:$A26)/($A$1:$A26<>""),$A$1:$A26), {"Monday","Tuesday","Wednesday","Thursday","Friday","Saturday"},0)+1, COLUMN()-1 ) ) & " (" & INDIRECT("TT_"&$B26&"!"& ADDRESS( MATCH(LOOKUP(ROW($A26),ROW($A$1:$A26)/($A$1:$A26<>""),$A$1:$A26), {"Monday","Tuesday","Wednesday","Thursday","Friday","Saturday"},0)+9, COLUMN()-1 ) ) & ")" )} -> Hindi_Lit (PB) | H26: {=IF( INDIRECT("TT_"&$B26&"!"& ADDRESS( MATCH(LOOKUP(ROW($A26),ROW($A$1:$A26)/($A$1:$A26<>""),$A$1:$A26), {"Monday","Tuesday","Wednesday","Thursday","Friday","Saturday"},0)+1, COLUMN()-1 ) )="","", INDIRECT("TT_"&$B26&"!"& ADDRESS( MATCH(LOOKUP(ROW($A26),ROW($A$1:$A26)/($A$1:$A26<>""),$A$1:$A26), {"Monday","Tuesday","Wednesday","Thursday","Friday","Saturday"},0)+1, COLUMN()-1 ) ) & " (" & INDIRECT("TT_"&$B26&"!"& ADDRESS( MATCH(LOOKUP(ROW($A26),ROW($A$1:$A26)/($A$1:$A26<>""),$A$1:$A26), {"Monday","Tuesday","Wednesday","Thursday","Friday","Saturday"},0)+9, COLUMN()-1 ) ) & ")" )} -> A/C (MP) | I26: {=IF( INDIRECT("TT_"&$B26&"!"& ADDRESS( MATCH(LOOKUP(ROW($A26),ROW($A$1:$A26)/($A$1:$A26<>""),$A$1:$A26), {"Monday","Tuesday","Wednesday","Thursday","Friday","Saturday"},0)+1, COLUMN()-1 ) )="","", INDIRECT("TT_"&$B26&"!"& ADDRESS( MATCH(LOOKUP(ROW($A26),ROW($A$1:$A26)/($A$1:$A26<>""),$A$1:$A26), {"Monday","Tuesday","Wednesday","Thursday","Friday","Saturday"},0)+1, COLUMN()-1 ) ) & " (" & INDIRECT("TT_"&$B26&"!"& ADDRESS( MATCH(LOOKUP(ROW($A26),ROW($A$1:$A26)/($A$1:$A26<>""),$A$1:$A26), {"Monday","Tuesday","Wednesday","Thursday","Friday","Saturday"},0)+9, COLUMN()-1 ) ) & ")" )} -> Computer (NP) | J26: {=IF( INDIRECT("TT_"&$B26&"!"& ADDRESS( MATCH(LOOKUP(ROW($A26),ROW($A$1:$A26)/($A$1:$A26<>""),$A$1:$A26), {"Monday","Tuesday","Wednesday","Thursday","Friday","Saturday"},0)+1, COLUMN()-1 ) )="","", INDIRECT("TT_"&$B26&"!"& ADDRESS( MATCH(LOOKUP(ROW($A26),ROW($A$1:$A26)/($A$1:$A26<>""),$A$1:$A26), {"Monday","Tuesday","Wednesday","Thursday","Friday","Saturday"},0)+1, COLUMN()-1 ) ) & " (" & INDIRECT("TT_"&$B26&"!"& ADDRESS( MATCH(LOOKUP(ROW($A26),ROW($A$1:$A26)/($A$1:$A26<>""),$A$1:$A26), {"Monday","Tuesday","Wednesday","Thursday","Friday","Saturday"},0)+9, COLUMN()-1 ) ) & ")" )} -> EVS (PB)
B27: 2b | C27: {=IF( INDIRECT("TT_"&$B27&"!"& ADDRESS( MATCH(LOOKUP(ROW($A27),ROW($A$1:$A27)/($A$1:$A27<>""),$A$1:$A27), {"Monday","Tuesday","Wednesday","Thursday","Friday","Saturday"},0)+1, COLUMN()-1 ) )="","", INDIRECT("TT_"&$B27&"!"& ADDRESS( MATCH(LOOKUP(ROW($A27),ROW($A$1:$A27)/($A$1:$A27<>""),$A$1:$A27), {"Monday","Tuesday","Wednesday","Thursday","Friday","Saturday"},0)+1, COLUMN()-1 ) ) & " (" & INDIRECT("TT_"&$B27&"!"& ADDRESS( MATCH(LOOKUP(ROW($A27),ROW($A$1:$A27)/($A$1:$A27<>""),$A$1:$A27), {"Monday","Tuesday","Wednesday","Thursday","Friday","Saturday"},0)+9, COLUMN()-1 ) ) & ")" )} -> Hindi_Lit (SU) | D27: {=IF( INDIRECT("TT_"&$B27&"!"& ADDRESS( MATCH(LOOKUP(ROW($A27),ROW($A$1:$A27)/($A$1:$A27<>""),$A$1:$A27), {"Monday","Tuesday","Wednesday","Thursday","Friday","Saturday"},0)+1, COLUMN()-1 ) )="","", INDIRECT("TT_"&$B27&"!"& ADDRESS( MATCH(LOOKUP(ROW($A27),ROW($A$1:$A27)/($A$1:$A27<>""),$A$1:$A27), {"Monday","Tuesday","Wednesday","Thursday","Friday","Saturday"},0)+1, COLUMN()-1 ) ) & " (" & INDIRECT("TT_"&$B27&"!"& ADDRESS( MATCH(LOOKUP(ROW($A27),ROW($A$1:$A27)/($A$1:$A27<>""),$A$1:$A27), {"Monday","Tuesday","Wednesday","Thursday","Friday","Saturday"},0)+9, COLUMN()-1 ) ) & ")" )} -> Maths (SU) | E27: {=IF( INDIRECT("TT_"&$B27&"!"& ADDRESS( MATCH(LOOKUP(ROW($A27),ROW($A$1:$A27)/($A$1:$A27<>""),$A$1:$A27), {"Monday","Tuesday","Wednesday","Thursday","Friday","Saturday"},0)+1, COLUMN()-1 ) )="","", INDIRECT("TT_"&$B27&"!"& ADDRESS( MATCH(LOOKUP(ROW($A27),ROW($A$1:$A27)/($A$1:$A27<>""),$A$1:$A27), {"Monday","Tuesday","Wednesday","Thursday","Friday","Saturday"},0)+1, COLUMN()-1 ) ) & " (" & INDIRECT("TT_"&$B27&"!"& ADDRESS( MATCH(LOOKUP(ROW($A27),ROW($A$1:$A27)/($A$1:$A27<>""),$A$1:$A27), {"Monday","Tuesday","Wednesday","Thursday","Friday","Saturday"},0)+9, COLUMN()-1 ) ) & ")" )} -> English_Lit (SU) | F27: {=IF( INDIRECT("TT_"&$B27&"!"& ADDRESS( MATCH(LOOKUP(ROW($A27),ROW($A$1:$A27)/($A$1:$A27<>""),$A$1:$A27), {"Monday","Tuesday","Wednesday","Thursday","Friday","Saturday"},0)+1, COLUMN()-1 ) )="","", INDIRECT("TT_"&$B27&"!"& ADDRESS( MATCH(LOOKUP(ROW($A27),ROW($A$1:$A27)/($A$1:$A27<>""),$A$1:$A27), {"Monday","Tuesday","Wednesday","Thursday","Friday","Saturday"},0)+1, COLUMN()-1 ) ) & " (" & INDIRECT("TT_"&$B27&"!"& ADDRESS( MATCH(LOOKUP(ROW($A27),ROW($A$1:$A27)/($A$1:$A27<>""),$A$1:$A27), {"Monday","Tuesday","Wednesday","Thursday","Friday","Saturday"},0)+9, COLUMN()-1 ) ) & ")" )} -> Games (SZ) | G27: {=IF( INDIRECT("TT_"&$B27&"!"& ADDRESS( MATCH(LOOKUP(ROW($A27),ROW($A$1:$A27)/($A$1:$A27<>""),$A$1:$A27), {"Monday","Tuesday","Wednesday","Thursday","Friday","Saturday"},0)+1, COLUMN()-1 ) )="","", INDIRECT("TT_"&$B27&"!"& ADDRESS( MATCH(LOOKUP(ROW($A27),ROW($A$1:$A27)/($A$1:$A27<>""),$A$1:$A27), {"Monday","Tuesday","Wednesday","Thursday","Friday","Saturday"},0)+1, COLUMN()-1 ) ) & " (" & INDIRECT("TT_"&$B27&"!"& ADDRESS( MATCH(LOOKUP(ROW($A27),ROW($A$1:$A27)/($A$1:$A27<>""),$A$1:$A27), {"Monday","Tuesday","Wednesday","Thursday","Friday","Saturday"},0)+9, COLUMN()-1 ) ) & ")" )} -> Dance (SL) | H27: {=IF( INDIRECT("TT_"&$B27&"!"& ADDRESS( MATCH(LOOKUP(ROW($A27),ROW($A$1:$A27)/($A$1:$A27<>""),$A$1:$A27), {"Monday","Tuesday","Wednesday","Thursday","Friday","Saturday"},0)+1, COLUMN()-1 ) )="","", INDIRECT("TT_"&$B27&"!"& ADDRESS( MATCH(LOOKUP(ROW($A27),ROW($A$1:$A27)/($A$1:$A27<>""),$A$1:$A27), {"Monday","Tuesday","Wednesday","Thursday","Friday","Saturday"},0)+1, COLUMN()-1 ) ) & " (" & INDIRECT("TT_"&$B27&"!"& ADDRESS( MATCH(LOOKUP(ROW($A27),ROW($A$1:$A27)/($A$1:$A27<>""),$A$1:$A27), {"Monday","Tuesday","Wednesday","Thursday","Friday","Saturday"},0)+9, COLUMN()-1 ) ) & ")" )} -> EVS (VR) | I27: {=IF( INDIRECT("TT_"&$B27&"!"& ADDRESS( MATCH(LOOKUP(ROW($A27),ROW($A$1:$A27)/($A$1:$A27<>""),$A$1:$A27), {"Monday","Tuesday","Wednesday","Thursday","Friday","Saturday"},0)+1, COLUMN()-1 ) )="","", INDIRECT("TT_"&$B27&"!"& ADDRESS( MATCH(LOOKUP(ROW($A27),ROW($A$1:$A27)/($A$1:$A27<>""),$A$1:$A27), {"Monday","Tuesday","Wednesday","Thursday","Friday","Saturday"},0)+1, COLUMN()-1 ) ) & " (" & INDIRECT("TT_"&$B27&"!"& ADDRESS( MATCH(LOOKUP(ROW($A27),ROW($A$1:$A27)/($A$1:$A27<>""),$A$1:$A27), {"Monday","Tuesday","Wednesday","Thursday","Friday","Saturday"},0)+9, COLUMN()-1 ) ) & ")" )} -> A/C (MP) | J27: {=IF( INDIRECT("TT_"&$B27&"!"& ADDRESS( MATCH(LOOKUP(ROW($A27),ROW($A$1:$A27)/($A$1:$A27<>""),$A$1:$A27), {"Monday","Tuesday","Wednesday","Thursday","Friday","Saturday"},0)+1, COLUMN()-1 ) )="","", INDIRECT("TT_"&$B27&"!"& ADDRESS( MATCH(LOOKUP(ROW($A27),ROW($A$1:$A27)/($A$1:$A27<>""),$A$1:$A27), {"Monday","Tuesday","Wednesday","Thursday","Friday","Saturday"},0)+1, COLUMN()-1 ) ) & " (" & INDIRECT("TT_"&$B27&"!"& ADDRESS( MATCH(LOOKUP(ROW($A27),ROW($A$1:$A27)/($A$1:$A27<>""),$A$1:$A27), {"Monday","Tuesday","Wednesday","Thursday","Friday","Saturday"},0)+9, COLUMN()-1 ) ) & ")" )} -> Computer (NP)
B28: 3a | C28: {=IF( INDIRECT("TT_"&$B28&"!"& ADDRESS( MATCH(LOOKUP(ROW($A28),ROW($A$1:$A28)/($A$1:$A28<>""),$A$1:$A28), {"Monday","Tuesday","Wednesday","Thursday","Friday","Saturday"},0)+1, COLUMN()-1 ) )="","", INDIRECT("TT_"&$B28&"!"& ADDRESS( MATCH(LOOKUP(ROW($A28),ROW($A$1:$A28)/($A$1:$A28<>""),$A$1:$A28), {"Monday","Tuesday","Wednesday","Thursday","Friday","Saturday"},0)+1, COLUMN()-1 ) ) & " (" & INDIRECT("TT_"&$B28&"!"& ADDRESS( MATCH(LOOKUP(ROW($A28),ROW($A$1:$A28)/($A$1:$A28<>""),$A$1:$A28), {"Monday","Tuesday","Wednesday","Thursday","Friday","Saturday"},0)+9, COLUMN()-1 ) ) & ")" )} -> Science (VR) | D28: {=IF( INDIRECT("TT_"&$B28&"!"& ADDRESS( MATCH(LOOKUP(ROW($A28),ROW($A$1:$A28)/($A$1:$A28<>""),$A$1:$A28), {"Monday","Tuesday","Wednesday","Thursday","Friday","Saturday"},0)+1, COLUMN()-1 ) )="","", INDIRECT("TT_"&$B28&"!"& ADDRESS( MATCH(LOOKUP(ROW($A28),ROW($A$1:$A28)/($A$1:$A28<>""),$A$1:$A28), {"Monday","Tuesday","Wednesday","Thursday","Friday","Saturday"},0)+1, COLUMN()-1 ) ) & " (" & INDIRECT("TT_"&$B28&"!"& ADDRESS( MATCH(LOOKUP(ROW($A28),ROW($A$1:$A28)/($A$1:$A28<>""),$A$1:$A28), {"Monday","Tuesday","Wednesday","Thursday","Friday","Saturday"},0)+9, COLUMN()-1 ) ) & ")" )} -> English_Lit (AN) | E28: {=IF( INDIRECT("TT_"&$B28&"!"& ADDRESS( MATCH(LOOKUP(ROW($A28),ROW($A$1:$A28)/($A$1:$A28<>""),$A$1:$A28), {"Monday","Tuesday","Wednesday","Thursday","Friday","Saturday"},0)+1, COLUMN()-1 ) )="","", INDIRECT("TT_"&$B28&"!"& ADDRESS( MATCH(LOOKUP(ROW($A28),ROW($A$1:$A28)/($A$1:$A28<>""),$A$1:$A28), {"Monday","Tuesday","Wednesday","Thursday","Friday","Saturday"},0)+1, COLUMN()-1 ) ) & " (" & INDIRECT("TT_"&$B28&"!"& ADDRESS( MATCH(LOOKUP(ROW($A28),ROW($A$1:$A28)/($A$1:$A28<>""),$A$1:$A28), {"Monday","Tuesday","Wednesday","Thursday","Friday","Saturday"},0)+9, COLUMN()-1 ) ) & ")" )} -> Games (SZ) | F28: {=IF( INDIRECT("TT_"&$B28&"!"& ADDRESS( MATCH(LOOKUP(ROW($A28),ROW($A$1:$A28)/($A$1:$A28<>""),$A$1:$A28), {"Monday","Tuesday","Wednesday","Thursday","Friday","Saturday"},0)+1, COLUMN()-1 ) )="","", INDIRECT("TT_"&$B28&"!"& ADDRESS( MATCH(LOOKUP(ROW($A28),ROW($A$1:$A28)/($A$1:$A28<>""),$A$1:$A28), {"Monday","Tuesday","Wednesday","Thursday","Friday","Saturday"},0)+1, COLUMN()-1 ) ) & " (" & INDIRECT("TT_"&$B28&"!"& ADDRESS( MATCH(LOOKUP(ROW($A28),ROW($A$1:$A28)/($A$1:$A28<>""),$A$1:$A28), {"Monday","Tuesday","Wednesday","Thursday","Friday","Saturday"},0)+9, COLUMN()-1 ) ) & ")" )} -> STEM_Junior (NP) | G28: {=IF( INDIRECT("TT_"&$B28&"!"& ADDRESS( MATCH(LOOKUP(ROW($A28),ROW($A$1:$A28)/($A$1:$A28<>""),$A$1:$A28), {"Monday","Tuesday","Wednesday","Thursday","Friday","Saturday"},0)+1, COLUMN()-1 ) )="","", INDIRECT("TT_"&$B28&"!"& ADDRESS( MATCH(LOOKUP(ROW($A28),ROW($A$1:$A28)/($A$1:$A28<>""),$A$1:$A28), {"Monday","Tuesday","Wednesday","Thursday","Friday","Saturday"},0)+1, COLUMN()-1 ) ) & " (" & INDIRECT("TT_"&$B28&"!"& ADDRESS( MATCH(LOOKUP(ROW($A28),ROW($A$1:$A28)/($A$1:$A28<>""),$A$1:$A28), {"Monday","Tuesday","Wednesday","Thursday","Friday","Saturday"},0)+9, COLUMN()-1 ) ) & ")" )} -> SSt (NT) | H28: {=IF( INDIRECT("TT_"&$B28&"!"& ADDRESS( MATCH(LOOKUP(ROW($A28),ROW($A$1:$A28)/($A$1:$A28<>""),$A$1:$A28), {"Monday","Tuesday","Wednesday","Thursday","Friday","Saturday"},0)+1, COLUMN()-1 ) )="","", INDIRECT("TT_"&$B28&"!"& ADDRESS( MATCH(LOOKUP(ROW($A28),ROW($A$1:$A28)/($A$1:$A28<>""),$A$1:$A28), {"Monday","Tuesday","Wednesday","Thursday","Friday","Saturday"},0)+1, COLUMN()-1 ) ) & " (" & INDIRECT("TT_"&$B28&"!"& ADDRESS( MATCH(LOOKUP(ROW($A28),ROW($A$1:$A28)/($A$1:$A28<>""),$A$1:$A28), {"Monday","Tuesday","Wednesday","Thursday","Friday","Saturday"},0)+9, COLUMN()-1 ) ) & ")" )} -> Hindi_Lit (MB) | I28: {=IF( INDIRECT("TT_"&$B28&"!"& ADDRESS( MATCH(LOOKUP(ROW($A28),ROW($A$1:$A28)/($A$1:$A28<>""),$A$1:$A28), {"Monday","Tuesday","Wednesday","Thursday","Friday","Saturday"},0)+1, COLUMN()-1 ) )="","", INDIRECT("TT_"&$B28&"!"& ADDRESS( MATCH(LOOKUP(ROW($A28),ROW($A$1:$A28)/($A$1:$A28<>""),$A$1:$A28), {"Monday","Tuesday","Wednesday","Thursday","Friday","Saturday"},0)+1, COLUMN()-1 ) ) & " (" & INDIRECT("TT_"&$B28&"!"& ADDRESS( MATCH(LOOKUP(ROW($A28),ROW($A$1:$A28)/($A$1:$A28<>""),$A$1:$A28), {"Monday","Tuesday","Wednesday","Thursday","Friday","Saturday"},0)+9, COLUMN()-1 ) ) & ")" )} -> Dance (SL) | J28: {=IF( INDIRECT("TT_"&$B28&"!"& ADDRESS( MATCH(LOOKUP(ROW($A28),ROW($A$1:$A28)/($A$1:$A28<>""),$A$1:$A28), {"Monday","Tuesday","Wednesday","Thursday","Friday","Saturday"},0)+1, COLUMN()-1 ) )="","", INDIRECT("TT_"&$B28&"!"& ADDRESS( MATCH(LOOKUP(ROW($A28),ROW($A$1:$A28)/($A$1:$A28<>""),$A$1:$A28), {"Monday","Tuesday","Wednesday","Thursday","Friday","Saturday"},0)+1, COLUMN()-1 ) ) & " (" & INDIRECT("TT_"&$B28&"!"& ADDRESS( MATCH(LOOKUP(ROW($A28),ROW($A$1:$A28)/($A$1:$A28<>""),$A$1:$A28), {"Monday","Tuesday","Wednesday","Thursday","Friday","Saturday"},0)+9, COLUMN()-1 ) ) & ")" )} -> Maths (DK)
B29: 3b | C29: {=IF( INDIRECT("TT_"&$B29&"!"& ADDRESS( MATCH(LOOKUP(ROW($A29),ROW($A$1:$A29)/($A$1:$A29<>""),$A$1:$A29), {"Monday","Tuesday","Wednesday","Thursday","Friday","Saturday"},0)+1, COLUMN()-1 ) )="","", INDIRECT("TT_"&$B29&"!"& ADDRESS( MATCH(LOOKUP(ROW($A29),ROW($A$1:$A29)/($A$1:$A29<>""),$A$1:$A29), {"Monday","Tuesday","Wednesday","Thursday","Friday","Saturday"},0)+1, COLUMN()-1 ) ) & " (" & INDIRECT("TT_"&$B29&"!"& ADDRESS( MATCH(LOOKUP(ROW($A29),ROW($A$1:$A29)/($A$1:$A29<>""),$A$1:$A29), {"Monday","Tuesday","Wednesday","Thursday","Friday","Saturday"},0)+9, COLUMN()-1 ) ) & ")" )} -> English_Lit (KB) | D29: {=IF( INDIRECT("TT_"&$B29&"!"& ADDRESS( MATCH(LOOKUP(ROW($A29),ROW($A$1:$A29)/($A$1:$A29<>""),$A$1:$A29), {"Monday","Tuesday","Wednesday","Thursday","Friday","Saturday"},0)+1, COLUMN()-1 ) )="","", INDIRECT("TT_"&$B29&"!"& ADDRESS( MATCH(LOOKUP(ROW($A29),ROW($A$1:$A29)/($A$1:$A29<>""),$A$1:$A29), {"Monday","Tuesday","Wednesday","Thursday","Friday","Saturday"},0)+1, COLUMN()-1 ) ) & " (" & INDIRECT("TT_"&$B29&"!"& ADDRESS( MATCH(LOOKUP(ROW($A29),ROW($A$1:$A29)/($A$1:$A29<>""),$A$1:$A29), {"Monday","Tuesday","Wednesday","Thursday","Friday","Saturday"},0)+9, COLUMN()-1 ) ) & ")" )} -> Science (VR) | E29: {=IF( INDIRECT("TT_"&$B29&"!"& ADDRESS( MATCH(LOOKUP(ROW($A29),ROW($A$1:$A29)/($A$1:$A29<>""),$A$1:$A29), {"Monday","Tuesday","Wednesday","Thursday","Friday","Saturday"},0)+1, COLUMN()-1 ) )="","", INDIRECT("TT_"&$B29&"!"& ADDRESS( MATCH(LOOKUP(ROW($A29),ROW($A$1:$A29)/($A$1:$A29<>""),$A$1:$A29), {"Monday","Tuesday","Wednesday","Thursday","Friday","Saturday"},0)+1, COLUMN()-1 ) ) & " (" & INDIRECT("TT_"&$B29&"!"& ADDRESS( MATCH(LOOKUP(ROW($A29),ROW($A$1:$A29)/($A$1:$A29<>""),$A$1:$A29), {"Monday","Tuesday","Wednesday","Thursday","Friday","Saturday"},0)+9, COLUMN()-1 ) ) & ")" )} -> SSt (NT) | F29: {=IF( INDIRECT("TT_"&$B29&"!"& ADDRESS( MATCH(LOOKUP(ROW($A29),ROW($A$1:$A29)/($A$1:$A29<>""),$A$1:$A29), {"Monday","Tuesday","Wednesday","Thursday","Friday","Saturday"},0)+1, COLUMN()-1 ) )="","", INDIRECT("TT_"&$B29&"!"& ADDRESS( MATCH(LOOKUP(ROW($A29),ROW($A$1:$A29)/($A$1:$A29<>""),$A$1:$A29), {"Monday","Tuesday","Wednesday","Thursday","Friday","Saturday"},0)+1, COLUMN()-1 ) ) & " (" & INDIRECT("TT_"&$B29&"!"& ADDRESS( MATCH(LOOKUP(ROW($A29),ROW($A$1:$A29)/($A$1:$A29<>""),$A$1:$A29), {"Monday","Tuesday","Wednesday","Thursday","Friday","Saturday"},0)+9, COLUMN()-1 ) ) & ")" )} -> GK (NT) | G29: {=IF( INDIRECT("TT_"&$B29&"!"& ADDRESS( MATCH(LOOKUP(ROW($A29),ROW($A$1:$A29)/($A$1:$A29<>""),$A$1:$A29), {"Monday","Tuesday","Wednesday","Thursday","Friday","Saturday"},0)+1, COLUMN()-1 ) )="","", INDIRECT("TT_"&$B29&"!"& ADDRESS( MATCH(LOOKUP(ROW($A29),ROW($A$1:$A29)/($A$1:$A29<>""),$A$1:$A29), {"Monday","Tuesday","Wednesday","Thursday","Friday","Saturday"},0)+1, COLUMN()-1 ) ) & " (" & INDIRECT("TT_"&$B29&"!"& ADDRESS( MATCH(LOOKUP(ROW($A29),ROW($A$1:$A29)/($A$1:$A29<>""),$A$1:$A29), {"Monday","Tuesday","Wednesday","Thursday","Friday","Saturday"},0)+9, COLUMN()-1 ) ) & ")" )} -> Games (SZ) | H29: {=IF( INDIRECT("TT_"&$B29&"!"& ADDRESS( MATCH(LOOKUP(ROW($A29),ROW($A$1:$A29)/($A$1:$A29<>""),$A$1:$A29), {"Monday","Tuesday","Wednesday","Thursday","Friday","Saturday"},0)+1, COLUMN()-1 ) )="","", INDIRECT("TT_"&$B29&"!"& ADDRESS( MATCH(LOOKUP(ROW($A29),ROW($A$1:$A29)/($A$1:$A29<>""),$A$1:$A29), {"Monday","Tuesday","Wednesday","Thursday","Friday","Saturday"},0)+1, COLUMN()-1 ) ) & " (" & INDIRECT("TT_"&$B29&"!"& ADDRESS( MATCH(LOOKUP(ROW($A29),ROW($A$1:$A29)/($A$1:$A29<>""),$A$1:$A29), {"Monday","Tuesday","Wednesday","Thursday","Friday","Saturday"},0)+9, COLUMN()-1 ) ) & ")" )} -> Maths (SU) | I29: {=IF( INDIRECT("TT_"&$B29&"!"& ADDRESS( MATCH(LOOKUP(ROW($A29),ROW($A$1:$A29)/($A$1:$A29<>""),$A$1:$A29), {"Monday","Tuesday","Wednesday","Thursday","Friday","Saturday"},0)+1, COLUMN()-1 ) )="","", INDIRECT("TT_"&$B29&"!"& ADDRESS( MATCH(LOOKUP(ROW($A29),ROW($A$1:$A29)/($A$1:$A29<>""),$A$1:$A29), {"Monday","Tuesday","Wednesday","Thursday","Friday","Saturday"},0)+1, COLUMN()-1 ) ) & " (" & INDIRECT("TT_"&$B29&"!"& ADDRESS( MATCH(LOOKUP(ROW($A29),ROW($A$1:$A29)/($A$1:$A29<>""),$A$1:$A29), {"Monday","Tuesday","Wednesday","Thursday","Friday","Saturday"},0)+9, COLUMN()-1 ) ) & ")" )} -> Hindi_Lit (MB) | J29: {=IF( INDIRECT("TT_"&$B29&"!"& ADDRESS( MATCH(LOOKUP(ROW($A29),ROW($A$1:$A29)/($A$1:$A29<>""),$A$1:$A29), {"Monday","Tuesday","Wednesday","Thursday","Friday","Saturday"},0)+1, COLUMN()-1 ) )="","", INDIRECT("TT_"&$B29&"!"& ADDRESS( MATCH(LOOKUP(ROW($A29),ROW($A$1:$A29)/($A$1:$A29<>""),$A$1:$A29), {"Monday","Tuesday","Wednesday","Thursday","Friday","Saturday"},0)+1, COLUMN()-1 ) ) & " (" & INDIRECT("TT_"&$B29&"!"& ADDRESS( MATCH(LOOKUP(ROW($A29),ROW($A$1:$A29)/($A$1:$A29<>""),$A$1:$A29), {"Monday","Tuesday","Wednesday","Thursday","Friday","Saturday"},0)+9, COLUMN()-1 ) ) & ")" )} -> Dance (SL)
B30: 4a | C30: {=IF( INDIRECT("TT_"&$B30&"!"& ADDRESS( MATCH(LOOKUP(ROW($A30),ROW($A$1:$A30)/($A$1:$A30<>""),$A$1:$A30), {"Monday","Tuesday","Wednesday","Thursday","Friday","Saturday"},0)+1, COLUMN()-1 ) )="","", INDIRECT("TT_"&$B30&"!"& ADDRESS( MATCH(LOOKUP(ROW($A30),ROW($A$1:$A30)/($A$1:$A30<>""),$A$1:$A30), {"Monday","Tuesday","Wednesday","Thursday","Friday","Saturday"},0)+1, COLUMN()-1 ) ) & " (" & INDIRECT("TT_"&$B30&"!"& ADDRESS( MATCH(LOOKUP(ROW($A30),ROW($A$1:$A30)/($A$1:$A30<>""),$A$1:$A30), {"Monday","Tuesday","Wednesday","Thursday","Friday","Saturday"},0)+9, COLUMN()-1 ) ) & ")" )} -> Skating (SZ) | D30: {=IF( INDIRECT("TT_"&$B30&"!"& ADDRESS( MATCH(LOOKUP(ROW($A30),ROW($A$1:$A30)/($A$1:$A30<>""),$A$1:$A30), {"Monday","Tuesday","Wednesday","Thursday","Friday","Saturday"},0)+1, COLUMN()-1 ) )="","", INDIRECT("TT_"&$B30&"!"& ADDRESS( MATCH(LOOKUP(ROW($A30),ROW($A$1:$A30)/($A$1:$A30<>""),$A$1:$A30), {"Monday","Tuesday","Wednesday","Thursday","Friday","Saturday"},0)+1, COLUMN()-1 ) ) & " (" & INDIRECT("TT_"&$B30&"!"& ADDRESS( MATCH(LOOKUP(ROW($A30),ROW($A$1:$A30)/($A$1:$A30<>""),$A$1:$A30), {"Monday","Tuesday","Wednesday","Thursday","Friday","Saturday"},0)+9, COLUMN()-1 ) ) & ")" )} -> Maths (DK) | E30: {=IF( INDIRECT("TT_"&$B30&"!"& ADDRESS( MATCH(LOOKUP(ROW($A30),ROW($A$1:$A30)/($A$1:$A30<>""),$A$1:$A30), {"Monday","Tuesday","Wednesday","Thursday","Friday","Saturday"},0)+1, COLUMN()-1 ) )="","", INDIRECT("TT_"&$B30&"!"& ADDRESS( MATCH(LOOKUP(ROW($A30),ROW($A$1:$A30)/($A$1:$A30<>""),$A$1:$A30), {"Monday","Tuesday","Wednesday","Thursday","Friday","Saturday"},0)+1, COLUMN()-1 ) ) & " (" & INDIRECT("TT_"&$B30&"!"& ADDRESS( MATCH(LOOKUP(ROW($A30),ROW($A$1:$A30)/($A$1:$A30<>""),$A$1:$A30), {"Monday","Tuesday","Wednesday","Thursday","Friday","Saturday"},0)+9, COLUMN()-1 ) ) & ")" )} -> Hindi_Lit (MB) | F30: {=IF( INDIRECT("TT_"&$B30&"!"& ADDRESS( MATCH(LOOKUP(ROW($A30),ROW($A$1:$A30)/($A$1:$A30<>""),$A$1:$A30), {"Monday","Tuesday","Wednesday","Thursday","Friday","Saturday"},0)+1, COLUMN()-1 ) )="","", INDIRECT("TT_"&$B30&"!"& ADDRESS( MATCH(LOOKUP(ROW($A30),ROW($A$1:$A30)/($A$1:$A30<>""),$A$1:$A30), {"Monday","Tuesday","Wednesday","Thursday","Friday","Saturday"},0)+1, COLUMN()-1 ) ) & " (" & INDIRECT("TT_"&$B30&"!"& ADDRESS( MATCH(LOOKUP(ROW($A30),ROW($A$1:$A30)/($A$1:$A30<>""),$A$1:$A30), {"Monday","Tuesday","Wednesday","Thursday","Friday","Saturday"},0)+9, COLUMN()-1 ) ) & ")" )} -> English_Lit (AN) | G30: {=IF( INDIRECT("TT_"&$B30&"!"& ADDRESS( MATCH(LOOKUP(ROW($A30),ROW($A$1:$A30)/($A$1:$A30<>""),$A$1:$A30), {"Monday","Tuesday","Wednesday","Thursday","Friday","Saturday"},0)+1, COLUMN()-1 ) )="","", INDIRECT("TT_"&$B30&"!"& ADDRESS( MATCH(LOOKUP(ROW($A30),ROW($A$1:$A30)/($A$1:$A30<>""),$A$1:$A30), {"Monday","Tuesday","Wednesday","Thursday","Friday","Saturday"},0)+1, COLUMN()-1 ) ) & " (" & INDIRECT("TT_"&$B30&"!"& ADDRESS( MATCH(LOOKUP(ROW($A30),ROW($A$1:$A30)/($A$1:$A30<>""),$A$1:$A30), {"Monday","Tuesday","Wednesday","Thursday","Friday","Saturday"},0)+9, COLUMN()-1 ) ) & ")" )} -> Maths (DK) | H30: {=IF( INDIRECT("TT_"&$B30&"!"& ADDRESS( MATCH(LOOKUP(ROW($A30),ROW($A$1:$A30)/($A$1:$A30<>""),$A$1:$A30), {"Monday","Tuesday","Wednesday","Thursday","Friday","Saturday"},0)+1, COLUMN()-1 ) )="","", INDIRECT("TT_"&$B30&"!"& ADDRESS( MATCH(LOOKUP(ROW($A30),ROW($A$1:$A30)/($A$1:$A30<>""),$A$1:$A30), {"Monday","Tuesday","Wednesday","Thursday","Friday","Saturday"},0)+1, COLUMN()-1 ) ) & " (" & INDIRECT("TT_"&$B30&"!"& ADDRESS( MATCH(LOOKUP(ROW($A30),ROW($A$1:$A30)/($A$1:$A30<>""),$A$1:$A30), {"Monday","Tuesday","Wednesday","Thursday","Friday","Saturday"},0)+9, COLUMN()-1 ) ) & ")" )} -> Games (SZ) | I30: {=IF( INDIRECT("TT_"&$B30&"!"& ADDRESS( MATCH(LOOKUP(ROW($A30),ROW($A$1:$A30)/($A$1:$A30<>""),$A$1:$A30), {"Monday","Tuesday","Wednesday","Thursday","Friday","Saturday"},0)+1, COLUMN()-1 ) )="","", INDIRECT("TT_"&$B30&"!"& ADDRESS( MATCH(LOOKUP(ROW($A30),ROW($A$1:$A30)/($A$1:$A30<>""),$A$1:$A30), {"Monday","Tuesday","Wednesday","Thursday","Friday","Saturday"},0)+1, COLUMN()-1 ) ) & " (" & INDIRECT("TT_"&$B30&"!"& ADDRESS( MATCH(LOOKUP(ROW($A30),ROW($A$1:$A30)/($A$1:$A30<>""),$A$1:$A30), {"Monday","Tuesday","Wednesday","Thursday","Friday","Saturday"},0)+9, COLUMN()-1 ) ) & ")" )} -> Science (VR) | J30: {=IF( INDIRECT("TT_"&$B30&"!"& ADDRESS( MATCH(LOOKUP(ROW($A30),ROW($A$1:$A30)/($A$1:$A30<>""),$A$1:$A30), {"Monday","Tuesday","Wednesday","Thursday","Friday","Saturday"},0)+1, COLUMN()-1 ) )="","", INDIRECT("TT_"&$B30&"!"& ADDRESS( MATCH(LOOKUP(ROW($A30),ROW($A$1:$A30)/($A$1:$A30<>""),$A$1:$A30), {"Monday","Tuesday","Wednesday","Thursday","Friday","Saturday"},0)+1, COLUMN()-1 ) ) & " (" & INDIRECT("TT_"&$B30&"!"& ADDRESS( MATCH(LOOKUP(ROW($A30),ROW($A$1:$A30)/($A$1:$A30<>""),$A$1:$A30), {"Monday","Tuesday","Wednesday","Thursday","Friday","Saturday"},0)+9, COLUMN()-1 ) ) & ")" )} -> SSt (NT)
B31: 4b | C31: {=IF( INDIRECT("TT_"&$B31&"!"& ADDRESS( MATCH(LOOKUP(ROW($A31),ROW($A$1:$A31)/($A$1:$A31<>""),$A$1:$A31), {"Monday","Tuesday","Wednesday","Thursday","Friday","Saturday"},0)+1, COLUMN()-1 ) )="","", INDIRECT("TT_"&$B31&"!"& ADDRESS( MATCH(LOOKUP(ROW($A31),ROW($A$1:$A31)/($A$1:$A31<>""),$A$1:$A31), {"Monday","Tuesday","Wednesday","Thursday","Friday","Saturday"},0)+1, COLUMN()-1 ) ) & " (" & INDIRECT("TT_"&$B31&"!"& ADDRESS( MATCH(LOOKUP(ROW($A31),ROW($A$1:$A31)/($A$1:$A31<>""),$A$1:$A31), {"Monday","Tuesday","Wednesday","Thursday","Friday","Saturday"},0)+9, COLUMN()-1 ) ) & ")" )} -> Computer (NP) | D31: {=IF( INDIRECT("TT_"&$B31&"!"& ADDRESS( MATCH(LOOKUP(ROW($A31),ROW($A$1:$A31)/($A$1:$A31<>""),$A$1:$A31), {"Monday","Tuesday","Wednesday","Thursday","Friday","Saturday"},0)+1, COLUMN()-1 ) )="","", INDIRECT("TT_"&$B31&"!"& ADDRESS( MATCH(LOOKUP(ROW($A31),ROW($A$1:$A31)/($A$1:$A31<>""),$A$1:$A31), {"Monday","Tuesday","Wednesday","Thursday","Friday","Saturday"},0)+1, COLUMN()-1 ) ) & " (" & INDIRECT("TT_"&$B31&"!"& ADDRESS( MATCH(LOOKUP(ROW($A31),ROW($A$1:$A31)/($A$1:$A31<>""),$A$1:$A31), {"Monday","Tuesday","Wednesday","Thursday","Friday","Saturday"},0)+9, COLUMN()-1 ) ) & ")" )} -> English_Lit (KB) | E31: {=IF( INDIRECT("TT_"&$B31&"!"& ADDRESS( MATCH(LOOKUP(ROW($A31),ROW($A$1:$A31)/($A$1:$A31<>""),$A$1:$A31), {"Monday","Tuesday","Wednesday","Thursday","Friday","Saturday"},0)+1, COLUMN()-1 ) )="","", INDIRECT("TT_"&$B31&"!"& ADDRESS( MATCH(LOOKUP(ROW($A31),ROW($A$1:$A31)/($A$1:$A31<>""),$A$1:$A31), {"Monday","Tuesday","Wednesday","Thursday","Friday","Saturday"},0)+1, COLUMN()-1 ) ) & " (" & INDIRECT("TT_"&$B31&"!"& ADDRESS( MATCH(LOOKUP(ROW($A31),ROW($A$1:$A31)/($A$1:$A31<>""),$A$1:$A31), {"Monday","Tuesday","Wednesday","Thursday","Friday","Saturday"},0)+9, COLUMN()-1 ) ) & ")" )} -> Science (VR) | F31: {=IF( INDIRECT("TT_"&$B31&"!"& ADDRESS( MATCH(LOOKUP(ROW($A31),ROW($A$1:$A31)/($A$1:$A31<>""),$A$1:$A31), {"Monday","Tuesday","Wednesday","Thursday","Friday","Saturday"},0)+1, COLUMN()-1 ) )="","", INDIRECT("TT_"&$B31&"!"& ADDRESS( MATCH(LOOKUP(ROW($A31),ROW($A$1:$A31)/($A$1:$A31<>""),$A$1:$A31), {"Monday","Tuesday","Wednesday","Thursday","Friday","Saturday"},0)+1, COLUMN()-1 ) ) & " (" & INDIRECT("TT_"&$B31&"!"& ADDRESS( MATCH(LOOKUP(ROW($A31),ROW($A$1:$A31)/($A$1:$A31<>""),$A$1:$A31), {"Monday","Tuesday","Wednesday","Thursday","Friday","Saturday"},0)+9, COLUMN()-1 ) ) & ")" )} -> Maths (DK) | G31: {=IF( INDIRECT("TT_"&$B31&"!"& ADDRESS( MATCH(LOOKUP(ROW($A31),ROW($A$1:$A31)/($A$1:$A31<>""),$A$1:$A31), {"Monday","Tuesday","Wednesday","Thursday","Friday","Saturday"},0)+1, COLUMN()-1 ) )="","", INDIRECT("TT_"&$B31&"!"& ADDRESS( MATCH(LOOKUP(ROW($A31),ROW($A$1:$A31)/($A$1:$A31<>""),$A$1:$A31), {"Monday","Tuesday","Wednesday","Thursday","Friday","Saturday"},0)+1, COLUMN()-1 ) ) & " (" & INDIRECT("TT_"&$B31&"!"& ADDRESS( MATCH(LOOKUP(ROW($A31),ROW($A$1:$A31)/($A$1:$A31<>""),$A$1:$A31), {"Monday","Tuesday","Wednesday","Thursday","Friday","Saturday"},0)+9, COLUMN()-1 ) ) & ")" )} -> Hindi_Lit (MB) | H31: {=IF( INDIRECT("TT_"&$B31&"!"& ADDRESS( MATCH(LOOKUP(ROW($A31),ROW($A$1:$A31)/($A$1:$A31<>""),$A$1:$A31), {"Monday","Tuesday","Wednesday","Thursday","Friday","Saturday"},0)+1, COLUMN()-1 ) )="","", INDIRECT("TT_"&$B31&"!"& ADDRESS( MATCH(LOOKUP(ROW($A31),ROW($A$1:$A31)/($A$1:$A31<>""),$A$1:$A31), {"Monday","Tuesday","Wednesday","Thursday","Friday","Saturday"},0)+1, COLUMN()-1 ) ) & " (" & INDIRECT("TT_"&$B31&"!"& ADDRESS( MATCH(LOOKUP(ROW($A31),ROW($A$1:$A31)/($A$1:$A31<>""),$A$1:$A31), {"Monday","Tuesday","Wednesday","Thursday","Friday","Saturday"},0)+9, COLUMN()-1 ) ) & ")" )} -> Maths (DK) | I31: {=IF( INDIRECT("TT_"&$B31&"!"& ADDRESS( MATCH(LOOKUP(ROW($A31),ROW($A$1:$A31)/($A$1:$A31<>""),$A$1:$A31), {"Monday","Tuesday","Wednesday","Thursday","Friday","Saturday"},0)+1, COLUMN()-1 ) )="","", INDIRECT("TT_"&$B31&"!"& ADDRESS( MATCH(LOOKUP(ROW($A31),ROW($A$1:$A31)/($A$1:$A31<>""),$A$1:$A31), {"Monday","Tuesday","Wednesday","Thursday","Friday","Saturday"},0)+1, COLUMN()-1 ) ) & " (" & INDIRECT("TT_"&$B31&"!"& ADDRESS( MATCH(LOOKUP(ROW($A31),ROW($A$1:$A31)/($A$1:$A31<>""),$A$1:$A31), {"Monday","Tuesday","Wednesday","Thursday","Friday","Saturday"},0)+9, COLUMN()-1 ) ) & ")" )} -> SSt (NT) | J31: {=IF( INDIRECT("TT_"&$B31&"!"& ADDRESS( MATCH(LOOKUP(ROW($A31),ROW($A$1:$A31)/($A$1:$A31<>""),$A$1:$A31), {"Monday","Tuesday","Wednesday","Thursday","Friday","Saturday"},0)+1, COLUMN()-1 ) )="","", INDIRECT("TT_"&$B31&"!"& ADDRESS( MATCH(LOOKUP(ROW($A31),ROW($A$1:$A31)/($A$1:$A31<>""),$A$1:$A31), {"Monday","Tuesday","Wednesday","Thursday","Friday","Saturday"},0)+1, COLUMN()-1 ) ) & " (" & INDIRECT("TT_"&$B31&"!"& ADDRESS( MATCH(LOOKUP(ROW($A31),ROW($A$1:$A31)/($A$1:$A31<>""),$A$1:$A31), {"Monday","Tuesday","Wednesday","Thursday","Friday","Saturday"},0)+9, COLUMN()-1 ) ) & ")" )} -> Games (SZ)
B32: 5a | C32: {=IF( INDIRECT("TT_"&$B32&"!"& ADDRESS( MATCH(LOOKUP(ROW($A32),ROW($A$1:$A32)/($A$1:$A32<>""),$A$1:$A32), {"Monday","Tuesday","Wednesday","Thursday","Friday","Saturday"},0)+1, COLUMN()-1 ) )="","", INDIRECT("TT_"&$B32&"!"& ADDRESS( MATCH(LOOKUP(ROW($A32),ROW($A$1:$A32)/($A$1:$A32<>""),$A$1:$A32), {"Monday","Tuesday","Wednesday","Thursday","Friday","Saturday"},0)+1, COLUMN()-1 ) ) & " (" & INDIRECT("TT_"&$B32&"!"& ADDRESS( MATCH(LOOKUP(ROW($A32),ROW($A$1:$A32)/($A$1:$A32<>""),$A$1:$A32), {"Monday","Tuesday","Wednesday","Thursday","Friday","Saturday"},0)+9, COLUMN()-1 ) ) & ")" )} -> Hindi_Lit (MB) | D32: {=IF( INDIRECT("TT_"&$B32&"!"& ADDRESS( MATCH(LOOKUP(ROW($A32),ROW($A$1:$A32)/($A$1:$A32<>""),$A$1:$A32), {"Monday","Tuesday","Wednesday","Thursday","Friday","Saturday"},0)+1, COLUMN()-1 ) )="","", INDIRECT("TT_"&$B32&"!"& ADDRESS( MATCH(LOOKUP(ROW($A32),ROW($A$1:$A32)/($A$1:$A32<>""),$A$1:$A32), {"Monday","Tuesday","Wednesday","Thursday","Friday","Saturday"},0)+1, COLUMN()-1 ) ) & " (" & INDIRECT("TT_"&$B32&"!"& ADDRESS( MATCH(LOOKUP(ROW($A32),ROW($A$1:$A32)/($A$1:$A32<>""),$A$1:$A32), {"Monday","Tuesday","Wednesday","Thursday","Friday","Saturday"},0)+9, COLUMN()-1 ) ) & ")" )} -> SSt (NT) | E32: {=IF( INDIRECT("TT_"&$B32&"!"& ADDRESS( MATCH(LOOKUP(ROW($A32),ROW($A$1:$A32)/($A$1:$A32<>""),$A$1:$A32), {"Monday","Tuesday","Wednesday","Thursday","Friday","Saturday"},0)+1, COLUMN()-1 ) )="","", INDIRECT("TT_"&$B32&"!"& ADDRESS( MATCH(LOOKUP(ROW($A32),ROW($A$1:$A32)/($A$1:$A32<>""),$A$1:$A32), {"Monday","Tuesday","Wednesday","Thursday","Friday","Saturday"},0)+1, COLUMN()-1 ) ) & " (" & INDIRECT("TT_"&$B32&"!"& ADDRESS( MATCH(LOOKUP(ROW($A32),ROW($A$1:$A32)/($A$1:$A32<>""),$A$1:$A32), {"Monday","Tuesday","Wednesday","Thursday","Friday","Saturday"},0)+9, COLUMN()-1 ) ) & ")" )} -> Computer (NP) | F32: {=IF( INDIRECT("TT_"&$B32&"!"& ADDRESS( MATCH(LOOKUP(ROW($A32),ROW($A$1:$A32)/($A$1:$A32<>""),$A$1:$A32), {"Monday","Tuesday","Wednesday","Thursday","Friday","Saturday"},0)+1, COLUMN()-1 ) )="","", INDIRECT("TT_"&$B32&"!"& ADDRESS( MATCH(LOOKUP(ROW($A32),ROW($A$1:$A32)/($A$1:$A32<>""),$A$1:$A32), {"Monday","Tuesday","Wednesday","Thursday","Friday","Saturday"},0)+1, COLUMN()-1 ) ) & " (" & INDIRECT("TT_"&$B32&"!"& ADDRESS( MATCH(LOOKUP(ROW($A32),ROW($A$1:$A32)/($A$1:$A32<>""),$A$1:$A32), {"Monday","Tuesday","Wednesday","Thursday","Friday","Saturday"},0)+9, COLUMN()-1 ) ) & ")" )} -> GK (MP) | G32: {=IF( INDIRECT("TT_"&$B32&"!"& ADDRESS( MATCH(LOOKUP(ROW($A32),ROW($A$1:$A32)/($A$1:$A32<>""),$A$1:$A32), {"Monday","Tuesday","Wednesday","Thursday","Friday","Saturday"},0)+1, COLUMN()-1 ) )="","", INDIRECT("TT_"&$B32&"!"& ADDRESS( MATCH(LOOKUP(ROW($A32),ROW($A$1:$A32)/($A$1:$A32<>""),$A$1:$A32), {"Monday","Tuesday","Wednesday","Thursday","Friday","Saturday"},0)+1, COLUMN()-1 ) ) & " (" & INDIRECT("TT_"&$B32&"!"& ADDRESS( MATCH(LOOKUP(ROW($A32),ROW($A$1:$A32)/($A$1:$A32<>""),$A$1:$A32), {"Monday","Tuesday","Wednesday","Thursday","Friday","Saturday"},0)+9, COLUMN()-1 ) ) & ")" )} -> Science (VR) | H32: {=IF( INDIRECT("TT_"&$B32&"!"& ADDRESS( MATCH(LOOKUP(ROW($A32),ROW($A$1:$A32)/($A$1:$A32<>""),$A$1:$A32), {"Monday","Tuesday","Wednesday","Thursday","Friday","Saturday"},0)+1, COLUMN()-1 ) )="","", INDIRECT("TT_"&$B32&"!"& ADDRESS( MATCH(LOOKUP(ROW($A32),ROW($A$1:$A32)/($A$1:$A32<>""),$A$1:$A32), {"Monday","Tuesday","Wednesday","Thursday","Friday","Saturday"},0)+1, COLUMN()-1 ) ) & " (" & INDIRECT("TT_"&$B32&"!"& ADDRESS( MATCH(LOOKUP(ROW($A32),ROW($A$1:$A32)/($A$1:$A32<>""),$A$1:$A32), {"Monday","Tuesday","Wednesday","Thursday","Friday","Saturday"},0)+9, COLUMN()-1 ) ) & ")" )} -> SSt (NT) | I32: {=IF( INDIRECT("TT_"&$B32&"!"& ADDRESS( MATCH(LOOKUP(ROW($A32),ROW($A$1:$A32)/($A$1:$A32<>""),$A$1:$A32), {"Monday","Tuesday","Wednesday","Thursday","Friday","Saturday"},0)+1, COLUMN()-1 ) )="","", INDIRECT("TT_"&$B32&"!"& ADDRESS( MATCH(LOOKUP(ROW($A32),ROW($A$1:$A32)/($A$1:$A32<>""),$A$1:$A32), {"Monday","Tuesday","Wednesday","Thursday","Friday","Saturday"},0)+1, COLUMN()-1 ) ) & " (" & INDIRECT("TT_"&$B32&"!"& ADDRESS( MATCH(LOOKUP(ROW($A32),ROW($A$1:$A32)/($A$1:$A32<>""),$A$1:$A32), {"Monday","Tuesday","Wednesday","Thursday","Friday","Saturday"},0)+9, COLUMN()-1 ) ) & ")" )} -> English_Lit (KB) | J32: {=IF( INDIRECT("TT_"&$B32&"!"& ADDRESS( MATCH(LOOKUP(ROW($A32),ROW($A$1:$A32)/($A$1:$A32<>""),$A$1:$A32), {"Monday","Tuesday","Wednesday","Thursday","Friday","Saturday"},0)+1, COLUMN()-1 ) )="","", INDIRECT("TT_"&$B32&"!"& ADDRESS( MATCH(LOOKUP(ROW($A32),ROW($A$1:$A32)/($A$1:$A32<>""),$A$1:$A32), {"Monday","Tuesday","Wednesday","Thursday","Friday","Saturday"},0)+1, COLUMN()-1 ) ) & " (" & INDIRECT("TT_"&$B32&"!"& ADDRESS( MATCH(LOOKUP(ROW($A32),ROW($A$1:$A32)/($A$1:$A32<>""),$A$1:$A32), {"Monday","Tuesday","Wednesday","Thursday","Friday","Saturday"},0)+9, COLUMN()-1 ) ) & ")" )} -> Maths (NG)
B33: 5b | C33: {=IF( INDIRECT("TT_"&$B33&"!"& ADDRESS( MATCH(LOOKUP(ROW($A33),ROW($A$1:$A33)/($A$1:$A33<>""),$A$1:$A33), {"Monday","Tuesday","Wednesday","Thursday","Friday","Saturday"},0)+1, COLUMN()-1 ) )="","", INDIRECT("TT_"&$B33&"!"& ADDRESS( MATCH(LOOKUP(ROW($A33),ROW($A$1:$A33)/($A$1:$A33<>""),$A$1:$A33), {"Monday","Tuesday","Wednesday","Thursday","Friday","Saturday"},0)+1, COLUMN()-1 ) ) & " (" & INDIRECT("TT_"&$B33&"!"& ADDRESS( MATCH(LOOKUP(ROW($A33),ROW($A$1:$A33)/($A$1:$A33<>""),$A$1:$A33), {"Monday","Tuesday","Wednesday","Thursday","Friday","Saturday"},0)+9, COLUMN()-1 ) ) & ")" )} -> SSt (PR) | D33: {=IF( INDIRECT("TT_"&$B33&"!"& ADDRESS( MATCH(LOOKUP(ROW($A33),ROW($A$1:$A33)/($A$1:$A33<>""),$A$1:$A33), {"Monday","Tuesday","Wednesday","Thursday","Friday","Saturday"},0)+1, COLUMN()-1 ) )="","", INDIRECT("TT_"&$B33&"!"& ADDRESS( MATCH(LOOKUP(ROW($A33),ROW($A$1:$A33)/($A$1:$A33<>""),$A$1:$A33), {"Monday","Tuesday","Wednesday","Thursday","Friday","Saturday"},0)+1, COLUMN()-1 ) ) & " (" & INDIRECT("TT_"&$B33&"!"& ADDRESS( MATCH(LOOKUP(ROW($A33),ROW($A$1:$A33)/($A$1:$A33<>""),$A$1:$A33), {"Monday","Tuesday","Wednesday","Thursday","Friday","Saturday"},0)+9, COLUMN()-1 ) ) & ")" )} -> Science (SB) | E33: {=IF( INDIRECT("TT_"&$B33&"!"& ADDRESS( MATCH(LOOKUP(ROW($A33),ROW($A$1:$A33)/($A$1:$A33<>""),$A$1:$A33), {"Monday","Tuesday","Wednesday","Thursday","Friday","Saturday"},0)+1, COLUMN()-1 ) )="","", INDIRECT("TT_"&$B33&"!"& ADDRESS( MATCH(LOOKUP(ROW($A33),ROW($A$1:$A33)/($A$1:$A33<>""),$A$1:$A33), {"Monday","Tuesday","Wednesday","Thursday","Friday","Saturday"},0)+1, COLUMN()-1 ) ) & " (" & INDIRECT("TT_"&$B33&"!"& ADDRESS( MATCH(LOOKUP(ROW($A33),ROW($A$1:$A33)/($A$1:$A33<>""),$A$1:$A33), {"Monday","Tuesday","Wednesday","Thursday","Friday","Saturday"},0)+9, COLUMN()-1 ) ) & ")" )} -> Maths (NG) | F33: {=IF( INDIRECT("TT_"&$B33&"!"& ADDRESS( MATCH(LOOKUP(ROW($A33),ROW($A$1:$A33)/($A$1:$A33<>""),$A$1:$A33), {"Monday","Tuesday","Wednesday","Thursday","Friday","Saturday"},0)+1, COLUMN()-1 ) )="","", INDIRECT("TT_"&$B33&"!"& ADDRESS( MATCH(LOOKUP(ROW($A33),ROW($A$1:$A33)/($A$1:$A33<>""),$A$1:$A33), {"Monday","Tuesday","Wednesday","Thursday","Friday","Saturday"},0)+1, COLUMN()-1 ) ) & " (" & INDIRECT("TT_"&$B33&"!"& ADDRESS( MATCH(LOOKUP(ROW($A33),ROW($A$1:$A33)/($A$1:$A33<>""),$A$1:$A33), {"Monday","Tuesday","Wednesday","Thursday","Friday","Saturday"},0)+9, COLUMN()-1 ) ) & ")" )} -> Hindi_Lang (MB) | G33: {=IF( INDIRECT("TT_"&$B33&"!"& ADDRESS( MATCH(LOOKUP(ROW($A33),ROW($A$1:$A33)/($A$1:$A33<>""),$A$1:$A33), {"Monday","Tuesday","Wednesday","Thursday","Friday","Saturday"},0)+1, COLUMN()-1 ) )="","", INDIRECT("TT_"&$B33&"!"& ADDRESS( MATCH(LOOKUP(ROW($A33),ROW($A$1:$A33)/($A$1:$A33<>""),$A$1:$A33), {"Monday","Tuesday","Wednesday","Thursday","Friday","Saturday"},0)+1, COLUMN()-1 ) ) & " (" & INDIRECT("TT_"&$B33&"!"& ADDRESS( MATCH(LOOKUP(ROW($A33),ROW($A$1:$A33)/($A$1:$A33<>""),$A$1:$A33), {"Monday","Tuesday","Wednesday","Thursday","Friday","Saturday"},0)+9, COLUMN()-1 ) ) & ")" )} -> STEM_Junior (NP) | H33: {=IF( INDIRECT("TT_"&$B33&"!"& ADDRESS( MATCH(LOOKUP(ROW($A33),ROW($A$1:$A33)/($A$1:$A33<>""),$A$1:$A33), {"Monday","Tuesday","Wednesday","Thursday","Friday","Saturday"},0)+1, COLUMN()-1 ) )="","", INDIRECT("TT_"&$B33&"!"& ADDRESS( MATCH(LOOKUP(ROW($A33),ROW($A$1:$A33)/($A$1:$A33<>""),$A$1:$A33), {"Monday","Tuesday","Wednesday","Thursday","Friday","Saturday"},0)+1, COLUMN()-1 ) ) & " (" & INDIRECT("TT_"&$B33&"!"& ADDRESS( MATCH(LOOKUP(ROW($A33),ROW($A$1:$A33)/($A$1:$A33<>""),$A$1:$A33), {"Monday","Tuesday","Wednesday","Thursday","Friday","Saturday"},0)+9, COLUMN()-1 ) ) & ")" )} -> English_Lit (KB) | I33: {=IF( INDIRECT("TT_"&$B33&"!"& ADDRESS( MATCH(LOOKUP(ROW($A33),ROW($A$1:$A33)/($A$1:$A33<>""),$A$1:$A33), {"Monday","Tuesday","Wednesday","Thursday","Friday","Saturday"},0)+1, COLUMN()-1 ) )="","", INDIRECT("TT_"&$B33&"!"& ADDRESS( MATCH(LOOKUP(ROW($A33),ROW($A$1:$A33)/($A$1:$A33<>""),$A$1:$A33), {"Monday","Tuesday","Wednesday","Thursday","Friday","Saturday"},0)+1, COLUMN()-1 ) ) & " (" & INDIRECT("TT_"&$B33&"!"& ADDRESS( MATCH(LOOKUP(ROW($A33),ROW($A$1:$A33)/($A$1:$A33<>""),$A$1:$A33), {"Monday","Tuesday","Wednesday","Thursday","Friday","Saturday"},0)+9, COLUMN()-1 ) ) & ")" )} -> Music (MG) | J33: {=IF( INDIRECT("TT_"&$B33&"!"& ADDRESS( MATCH(LOOKUP(ROW($A33),ROW($A$1:$A33)/($A$1:$A33<>""),$A$1:$A33), {"Monday","Tuesday","Wednesday","Thursday","Friday","Saturday"},0)+1, COLUMN()-1 ) )="","", INDIRECT("TT_"&$B33&"!"& ADDRESS( MATCH(LOOKUP(ROW($A33),ROW($A$1:$A33)/($A$1:$A33<>""),$A$1:$A33), {"Monday","Tuesday","Wednesday","Thursday","Friday","Saturday"},0)+1, COLUMN()-1 ) ) & " (" & INDIRECT("TT_"&$B33&"!"& ADDRESS( MATCH(LOOKUP(ROW($A33),ROW($A$1:$A33)/($A$1:$A33<>""),$A$1:$A33), {"Monday","Tuesday","Wednesday","Thursday","Friday","Saturday"},0)+9, COLUMN()-1 ) ) & ")" )} -> English_Lit (KB)
B34: 6a | C34: {=IF( INDIRECT("TT_"&$B34&"!"& ADDRESS( MATCH(LOOKUP(ROW($A34),ROW($A$1:$A34)/($A$1:$A34<>""),$A$1:$A34), {"Monday","Tuesday","Wednesday","Thursday","Friday","Saturday"},0)+1, COLUMN()-1 ) )="","", INDIRECT("TT_"&$B34&"!"& ADDRESS( MATCH(LOOKUP(ROW($A34),ROW($A$1:$A34)/($A$1:$A34<>""),$A$1:$A34), {"Monday","Tuesday","Wednesday","Thursday","Friday","Saturday"},0)+1, COLUMN()-1 ) ) & " (" & INDIRECT("TT_"&$B34&"!"& ADDRESS( MATCH(LOOKUP(ROW($A34),ROW($A$1:$A34)/($A$1:$A34<>""),$A$1:$A34), {"Monday","Tuesday","Wednesday","Thursday","Friday","Saturday"},0)+9, COLUMN()-1 ) ) & ")" )} -> English_Lit (RD) | D34: {=IF( INDIRECT("TT_"&$B34&"!"& ADDRESS( MATCH(LOOKUP(ROW($A34),ROW($A$1:$A34)/($A$1:$A34<>""),$A$1:$A34), {"Monday","Tuesday","Wednesday","Thursday","Friday","Saturday"},0)+1, COLUMN()-1 ) )="","", INDIRECT("TT_"&$B34&"!"& ADDRESS( MATCH(LOOKUP(ROW($A34),ROW($A$1:$A34)/($A$1:$A34<>""),$A$1:$A34), {"Monday","Tuesday","Wednesday","Thursday","Friday","Saturday"},0)+1, COLUMN()-1 ) ) & " (" & INDIRECT("TT_"&$B34&"!"& ADDRESS( MATCH(LOOKUP(ROW($A34),ROW($A$1:$A34)/($A$1:$A34<>""),$A$1:$A34), {"Monday","Tuesday","Wednesday","Thursday","Friday","Saturday"},0)+9, COLUMN()-1 ) ) & ")" )} -> Computer (GA) | E34: {=IF( INDIRECT("TT_"&$B34&"!"& ADDRESS( MATCH(LOOKUP(ROW($A34),ROW($A$1:$A34)/($A$1:$A34<>""),$A$1:$A34), {"Monday","Tuesday","Wednesday","Thursday","Friday","Saturday"},0)+1, COLUMN()-1 ) )="","", INDIRECT("TT_"&$B34&"!"& ADDRESS( MATCH(LOOKUP(ROW($A34),ROW($A$1:$A34)/($A$1:$A34<>""),$A$1:$A34), {"Monday","Tuesday","Wednesday","Thursday","Friday","Saturday"},0)+1, COLUMN()-1 ) ) & " (" & INDIRECT("TT_"&$B34&"!"& ADDRESS( MATCH(LOOKUP(ROW($A34),ROW($A$1:$A34)/($A$1:$A34<>""),$A$1:$A34), {"Monday","Tuesday","Wednesday","Thursday","Friday","Saturday"},0)+9, COLUMN()-1 ) ) & ")" )} -> SST (PR) | F34: {=IF( INDIRECT("TT_"&$B34&"!"& ADDRESS( MATCH(LOOKUP(ROW($A34),ROW($A$1:$A34)/($A$1:$A34<>""),$A$1:$A34), {"Monday","Tuesday","Wednesday","Thursday","Friday","Saturday"},0)+1, COLUMN()-1 ) )="","", INDIRECT("TT_"&$B34&"!"& ADDRESS( MATCH(LOOKUP(ROW($A34),ROW($A$1:$A34)/($A$1:$A34<>""),$A$1:$A34), {"Monday","Tuesday","Wednesday","Thursday","Friday","Saturday"},0)+1, COLUMN()-1 ) ) & " (" & INDIRECT("TT_"&$B34&"!"& ADDRESS( MATCH(LOOKUP(ROW($A34),ROW($A$1:$A34)/($A$1:$A34<>""),$A$1:$A34), {"Monday","Tuesday","Wednesday","Thursday","Friday","Saturday"},0)+9, COLUMN()-1 ) ) & ")" )} -> Maths (NG) | G34: {=IF( INDIRECT("TT_"&$B34&"!"& ADDRESS( MATCH(LOOKUP(ROW($A34),ROW($A$1:$A34)/($A$1:$A34<>""),$A$1:$A34), {"Monday","Tuesday","Wednesday","Thursday","Friday","Saturday"},0)+1, COLUMN()-1 ) )="","", INDIRECT("TT_"&$B34&"!"& ADDRESS( MATCH(LOOKUP(ROW($A34),ROW($A$1:$A34)/($A$1:$A34<>""),$A$1:$A34), {"Monday","Tuesday","Wednesday","Thursday","Friday","Saturday"},0)+1, COLUMN()-1 ) ) & " (" & INDIRECT("TT_"&$B34&"!"& ADDRESS( MATCH(LOOKUP(ROW($A34),ROW($A$1:$A34)/($A$1:$A34<>""),$A$1:$A34), {"Monday","Tuesday","Wednesday","Thursday","Friday","Saturday"},0)+9, COLUMN()-1 ) ) & ")" )} -> Skill (GA,SA,HSC) | H34: {=IF( INDIRECT("TT_"&$B34&"!"& ADDRESS( MATCH(LOOKUP(ROW($A34),ROW($A$1:$A34)/($A$1:$A34<>""),$A$1:$A34), {"Monday","Tuesday","Wednesday","Thursday","Friday","Saturday"},0)+1, COLUMN()-1 ) )="","", INDIRECT("TT_"&$B34&"!"& ADDRESS( MATCH(LOOKUP(ROW($A34),ROW($A$1:$A34)/($A$1:$A34<>""),$A$1:$A34), {"Monday","Tuesday","Wednesday","Thursday","Friday","Saturday"},0)+1, COLUMN()-1 ) ) & " (" & INDIRECT("TT_"&$B34&"!"& ADDRESS( MATCH(LOOKUP(ROW($A34),ROW($A$1:$A34)/($A$1:$A34<>""),$A$1:$A34), {"Monday","Tuesday","Wednesday","Thursday","Friday","Saturday"},0)+9, COLUMN()-1 ) ) & ")" )} -> F/S (SW,MS) | I34: {=IF( INDIRECT("TT_"&$B34&"!"& ADDRESS( MATCH(LOOKUP(ROW($A34),ROW($A$1:$A34)/($A$1:$A34<>""),$A$1:$A34), {"Monday","Tuesday","Wednesday","Thursday","Friday","Saturday"},0)+1, COLUMN()-1 ) )="","", INDIRECT("TT_"&$B34&"!"& ADDRESS( MATCH(LOOKUP(ROW($A34),ROW($A$1:$A34)/($A$1:$A34<>""),$A$1:$A34), {"Monday","Tuesday","Wednesday","Thursday","Friday","Saturday"},0)+1, COLUMN()-1 ) ) & " (" & INDIRECT("TT_"&$B34&"!"& ADDRESS( MATCH(LOOKUP(ROW($A34),ROW($A$1:$A34)/($A$1:$A34<>""),$A$1:$A34), {"Monday","Tuesday","Wednesday","Thursday","Friday","Saturday"},0)+9, COLUMN()-1 ) ) & ")" )} -> Hindi_Lit (SH) | J34: {=IF( INDIRECT("TT_"&$B34&"!"& ADDRESS( MATCH(LOOKUP(ROW($A34),ROW($A$1:$A34)/($A$1:$A34<>""),$A$1:$A34), {"Monday","Tuesday","Wednesday","Thursday","Friday","Saturday"},0)+1, COLUMN()-1 ) )="","", INDIRECT("TT_"&$B34&"!"& ADDRESS( MATCH(LOOKUP(ROW($A34),ROW($A$1:$A34)/($A$1:$A34<>""),$A$1:$A34), {"Monday","Tuesday","Wednesday","Thursday","Friday","Saturday"},0)+1, COLUMN()-1 ) ) & " (" & INDIRECT("TT_"&$B34&"!"& ADDRESS( MATCH(LOOKUP(ROW($A34),ROW($A$1:$A34)/($A$1:$A34<>""),$A$1:$A34), {"Monday","Tuesday","Wednesday","Thursday","Friday","Saturday"},0)+9, COLUMN()-1 ) ) & ")" )} -> Hindi_Lit (SH)
B35: 6b | C35: {=IF( INDIRECT("TT_"&$B35&"!"& ADDRESS( MATCH(LOOKUP(ROW($A35),ROW($A$1:$A35)/($A$1:$A35<>""),$A$1:$A35), {"Monday","Tuesday","Wednesday","Thursday","Friday","Saturday"},0)+1, COLUMN()-1 ) )="","", INDIRECT("TT_"&$B35&"!"& ADDRESS( MATCH(LOOKUP(ROW($A35),ROW($A$1:$A35)/($A$1:$A35<>""),$A$1:$A35), {"Monday","Tuesday","Wednesday","Thursday","Friday","Saturday"},0)+1, COLUMN()-1 ) ) & " (" & INDIRECT("TT_"&$B35&"!"& ADDRESS( MATCH(LOOKUP(ROW($A35),ROW($A$1:$A35)/($A$1:$A35<>""),$A$1:$A35), {"Monday","Tuesday","Wednesday","Thursday","Friday","Saturday"},0)+9, COLUMN()-1 ) ) & ")" )} -> Music (MG) | D35: {=IF( INDIRECT("TT_"&$B35&"!"& ADDRESS( MATCH(LOOKUP(ROW($A35),ROW($A$1:$A35)/($A$1:$A35<>""),$A$1:$A35), {"Monday","Tuesday","Wednesday","Thursday","Friday","Saturday"},0)+1, COLUMN()-1 ) )="","", INDIRECT("TT_"&$B35&"!"& ADDRESS( MATCH(LOOKUP(ROW($A35),ROW($A$1:$A35)/($A$1:$A35<>""),$A$1:$A35), {"Monday","Tuesday","Wednesday","Thursday","Friday","Saturday"},0)+1, COLUMN()-1 ) ) & " (" & INDIRECT("TT_"&$B35&"!"& ADDRESS( MATCH(LOOKUP(ROW($A35),ROW($A$1:$A35)/($A$1:$A35<>""),$A$1:$A35), {"Monday","Tuesday","Wednesday","Thursday","Friday","Saturday"},0)+9, COLUMN()-1 ) ) & ")" )} -> Computer (NP) | E35: {=IF( INDIRECT("TT_"&$B35&"!"& ADDRESS( MATCH(LOOKUP(ROW($A35),ROW($A$1:$A35)/($A$1:$A35<>""),$A$1:$A35), {"Monday","Tuesday","Wednesday","Thursday","Friday","Saturday"},0)+1, COLUMN()-1 ) )="","", INDIRECT("TT_"&$B35&"!"& ADDRESS( MATCH(LOOKUP(ROW($A35),ROW($A$1:$A35)/($A$1:$A35<>""),$A$1:$A35), {"Monday","Tuesday","Wednesday","Thursday","Friday","Saturday"},0)+1, COLUMN()-1 ) ) & " (" & INDIRECT("TT_"&$B35&"!"& ADDRESS( MATCH(LOOKUP(ROW($A35),ROW($A$1:$A35)/($A$1:$A35<>""),$A$1:$A35), {"Monday","Tuesday","Wednesday","Thursday","Friday","Saturday"},0)+9, COLUMN()-1 ) ) & ")" )} -> English_Lit (RD) | F35: {=IF( INDIRECT("TT_"&$B35&"!"& ADDRESS( MATCH(LOOKUP(ROW($A35),ROW($A$1:$A35)/($A$1:$A35<>""),$A$1:$A35), {"Monday","Tuesday","Wednesday","Thursday","Friday","Saturday"},0)+1, COLUMN()-1 ) )="","", INDIRECT("TT_"&$B35&"!"& ADDRESS( MATCH(LOOKUP(ROW($A35),ROW($A$1:$A35)/($A$1:$A35<>""),$A$1:$A35), {"Monday","Tuesday","Wednesday","Thursday","Friday","Saturday"},0)+1, COLUMN()-1 ) ) & " (" & INDIRECT("TT_"&$B35&"!"& ADDRESS( MATCH(LOOKUP(ROW($A35),ROW($A$1:$A35)/($A$1:$A35<>""),$A$1:$A35), {"Monday","Tuesday","Wednesday","Thursday","Friday","Saturday"},0)+9, COLUMN()-1 ) ) & ")" )} -> SST (PR) | G35: {=IF( INDIRECT("TT_"&$B35&"!"& ADDRESS( MATCH(LOOKUP(ROW($A35),ROW($A$1:$A35)/($A$1:$A35<>""),$A$1:$A35), {"Monday","Tuesday","Wednesday","Thursday","Friday","Saturday"},0)+1, COLUMN()-1 ) )="","", INDIRECT("TT_"&$B35&"!"& ADDRESS( MATCH(LOOKUP(ROW($A35),ROW($A$1:$A35)/($A$1:$A35<>""),$A$1:$A35), {"Monday","Tuesday","Wednesday","Thursday","Friday","Saturday"},0)+1, COLUMN()-1 ) ) & " (" & INDIRECT("TT_"&$B35&"!"& ADDRESS( MATCH(LOOKUP(ROW($A35),ROW($A$1:$A35)/($A$1:$A35<>""),$A$1:$A35), {"Monday","Tuesday","Wednesday","Thursday","Friday","Saturday"},0)+9, COLUMN()-1 ) ) & ")" )} -> Hindi_Lit (MS) | H35: {=IF( INDIRECT("TT_"&$B35&"!"& ADDRESS( MATCH(LOOKUP(ROW($A35),ROW($A$1:$A35)/($A$1:$A35<>""),$A$1:$A35), {"Monday","Tuesday","Wednesday","Thursday","Friday","Saturday"},0)+1, COLUMN()-1 ) )="","", INDIRECT("TT_"&$B35&"!"& ADDRESS( MATCH(LOOKUP(ROW($A35),ROW($A$1:$A35)/($A$1:$A35<>""),$A$1:$A35), {"Monday","Tuesday","Wednesday","Thursday","Friday","Saturday"},0)+1, COLUMN()-1 ) ) & " (" & INDIRECT("TT_"&$B35&"!"& ADDRESS( MATCH(LOOKUP(ROW($A35),ROW($A$1:$A35)/($A$1:$A35<>""),$A$1:$A35), {"Monday","Tuesday","Wednesday","Thursday","Friday","Saturday"},0)+9, COLUMN()-1 ) ) & ")" )} -> F/S (SW,MS) | I35: {=IF( INDIRECT("TT_"&$B35&"!"& ADDRESS( MATCH(LOOKUP(ROW($A35),ROW($A$1:$A35)/($A$1:$A35<>""),$A$1:$A35), {"Monday","Tuesday","Wednesday","Thursday","Friday","Saturday"},0)+1, COLUMN()-1 ) )="","", INDIRECT("TT_"&$B35&"!"& ADDRESS( MATCH(LOOKUP(ROW($A35),ROW($A$1:$A35)/($A$1:$A35<>""),$A$1:$A35), {"Monday","Tuesday","Wednesday","Thursday","Friday","Saturday"},0)+1, COLUMN()-1 ) ) & " (" & INDIRECT("TT_"&$B35&"!"& ADDRESS( MATCH(LOOKUP(ROW($A35),ROW($A$1:$A35)/($A$1:$A35<>""),$A$1:$A35), {"Monday","Tuesday","Wednesday","Thursday","Friday","Saturday"},0)+9, COLUMN()-1 ) ) & ")" )} -> Maths (NG) | J35: {=IF( INDIRECT("TT_"&$B35&"!"& ADDRESS( MATCH(LOOKUP(ROW($A35),ROW($A$1:$A35)/($A$1:$A35<>""),$A$1:$A35), {"Monday","Tuesday","Wednesday","Thursday","Friday","Saturday"},0)+1, COLUMN()-1 ) )="","", INDIRECT("TT_"&$B35&"!"& ADDRESS( MATCH(LOOKUP(ROW($A35),ROW($A$1:$A35)/($A$1:$A35<>""),$A$1:$A35), {"Monday","Tuesday","Wednesday","Thursday","Friday","Saturday"},0)+1, COLUMN()-1 ) ) & " (" & INDIRECT("TT_"&$B35&"!"& ADDRESS( MATCH(LOOKUP(ROW($A35),ROW($A$1:$A35)/($A$1:$A35<>""),$A$1:$A35), {"Monday","Tuesday","Wednesday","Thursday","Friday","Saturday"},0)+9, COLUMN()-1 ) ) & ")" )} -> Science (AB)
B36: 7a | C36: {=IF( INDIRECT("TT_"&$B36&"!"& ADDRESS( MATCH(LOOKUP(ROW($A36),ROW($A$1:$A36)/($A$1:$A36<>""),$A$1:$A36), {"Monday","Tuesday","Wednesday","Thursday","Friday","Saturday"},0)+1, COLUMN()-1 ) )="","", INDIRECT("TT_"&$B36&"!"& ADDRESS( MATCH(LOOKUP(ROW($A36),ROW($A$1:$A36)/($A$1:$A36<>""),$A$1:$A36), {"Monday","Tuesday","Wednesday","Thursday","Friday","Saturday"},0)+1, COLUMN()-1 ) ) & " (" & INDIRECT("TT_"&$B36&"!"& ADDRESS( MATCH(LOOKUP(ROW($A36),ROW($A$1:$A36)/($A$1:$A36<>""),$A$1:$A36), {"Monday","Tuesday","Wednesday","Thursday","Friday","Saturday"},0)+9, COLUMN()-1 ) ) & ")" )} -> Hindi_Lit (SH) | D36: {=IF( INDIRECT("TT_"&$B36&"!"& ADDRESS( MATCH(LOOKUP(ROW($A36),ROW($A$1:$A36)/($A$1:$A36<>""),$A$1:$A36), {"Monday","Tuesday","Wednesday","Thursday","Friday","Saturday"},0)+1, COLUMN()-1 ) )="","", INDIRECT("TT_"&$B36&"!"& ADDRESS( MATCH(LOOKUP(ROW($A36),ROW($A$1:$A36)/($A$1:$A36<>""),$A$1:$A36), {"Monday","Tuesday","Wednesday","Thursday","Friday","Saturday"},0)+1, COLUMN()-1 ) ) & " (" & INDIRECT("TT_"&$B36&"!"& ADDRESS( MATCH(LOOKUP(ROW($A36),ROW($A$1:$A36)/($A$1:$A36<>""),$A$1:$A36), {"Monday","Tuesday","Wednesday","Thursday","Friday","Saturday"},0)+9, COLUMN()-1 ) ) & ")" )} -> Music (MG) | E36: {=IF( INDIRECT("TT_"&$B36&"!"& ADDRESS( MATCH(LOOKUP(ROW($A36),ROW($A$1:$A36)/($A$1:$A36<>""),$A$1:$A36), {"Monday","Tuesday","Wednesday","Thursday","Friday","Saturday"},0)+1, COLUMN()-1 ) )="","", INDIRECT("TT_"&$B36&"!"& ADDRESS( MATCH(LOOKUP(ROW($A36),ROW($A$1:$A36)/($A$1:$A36<>""),$A$1:$A36), {"Monday","Tuesday","Wednesday","Thursday","Friday","Saturday"},0)+1, COLUMN()-1 ) ) & " (" & INDIRECT("TT_"&$B36&"!"& ADDRESS( MATCH(LOOKUP(ROW($A36),ROW($A$1:$A36)/($A$1:$A36<>""),$A$1:$A36), {"Monday","Tuesday","Wednesday","Thursday","Friday","Saturday"},0)+9, COLUMN()-1 ) ) & ")" )} -> Skill (GA,SA,HSC) | F36: {=IF( INDIRECT("TT_"&$B36&"!"& ADDRESS( MATCH(LOOKUP(ROW($A36),ROW($A$1:$A36)/($A$1:$A36<>""),$A$1:$A36), {"Monday","Tuesday","Wednesday","Thursday","Friday","Saturday"},0)+1, COLUMN()-1 ) )="","", INDIRECT("TT_"&$B36&"!"& ADDRESS( MATCH(LOOKUP(ROW($A36),ROW($A$1:$A36)/($A$1:$A36<>""),$A$1:$A36), {"Monday","Tuesday","Wednesday","Thursday","Friday","Saturday"},0)+1, COLUMN()-1 ) ) & " (" & INDIRECT("TT_"&$B36&"!"& ADDRESS( MATCH(LOOKUP(ROW($A36),ROW($A$1:$A36)/($A$1:$A36<>""),$A$1:$A36), {"Monday","Tuesday","Wednesday","Thursday","Friday","Saturday"},0)+9, COLUMN()-1 ) ) & ")" )} -> English_Lit (SW) | G36: {=IF( INDIRECT("TT_"&$B36&"!"& ADDRESS( MATCH(LOOKUP(ROW($A36),ROW($A$1:$A36)/($A$1:$A36<>""),$A$1:$A36), {"Monday","Tuesday","Wednesday","Thursday","Friday","Saturday"},0)+1, COLUMN()-1 ) )="","", INDIRECT("TT_"&$B36&"!"& ADDRESS( MATCH(LOOKUP(ROW($A36),ROW($A$1:$A36)/($A$1:$A36<>""),$A$1:$A36), {"Monday","Tuesday","Wednesday","Thursday","Friday","Saturday"},0)+1, COLUMN()-1 ) ) & " (" & INDIRECT("TT_"&$B36&"!"& ADDRESS( MATCH(LOOKUP(ROW($A36),ROW($A$1:$A36)/($A$1:$A36<>""),$A$1:$A36), {"Monday","Tuesday","Wednesday","Thursday","Friday","Saturday"},0)+9, COLUMN()-1 ) ) & ")" )} -> Science (SB) | H36: {=IF( INDIRECT("TT_"&$B36&"!"& ADDRESS( MATCH(LOOKUP(ROW($A36),ROW($A$1:$A36)/($A$1:$A36<>""),$A$1:$A36), {"Monday","Tuesday","Wednesday","Thursday","Friday","Saturday"},0)+1, COLUMN()-1 ) )="","", INDIRECT("TT_"&$B36&"!"& ADDRESS( MATCH(LOOKUP(ROW($A36),ROW($A$1:$A36)/($A$1:$A36<>""),$A$1:$A36), {"Monday","Tuesday","Wednesday","Thursday","Friday","Saturday"},0)+1, COLUMN()-1 ) ) & " (" & INDIRECT("TT_"&$B36&"!"& ADDRESS( MATCH(LOOKUP(ROW($A36),ROW($A$1:$A36)/($A$1:$A36<>""),$A$1:$A36), {"Monday","Tuesday","Wednesday","Thursday","Friday","Saturday"},0)+9, COLUMN()-1 ) ) & ")" )} -> Maths (NG) | I36: {=IF( INDIRECT("TT_"&$B36&"!"& ADDRESS( MATCH(LOOKUP(ROW($A36),ROW($A$1:$A36)/($A$1:$A36<>""),$A$1:$A36), {"Monday","Tuesday","Wednesday","Thursday","Friday","Saturday"},0)+1, COLUMN()-1 ) )="","", INDIRECT("TT_"&$B36&"!"& ADDRESS( MATCH(LOOKUP(ROW($A36),ROW($A$1:$A36)/($A$1:$A36<>""),$A$1:$A36), {"Monday","Tuesday","Wednesday","Thursday","Friday","Saturday"},0)+1, COLUMN()-1 ) ) & " (" & INDIRECT("TT_"&$B36&"!"& ADDRESS( MATCH(LOOKUP(ROW($A36),ROW($A$1:$A36)/($A$1:$A36<>""),$A$1:$A36), {"Monday","Tuesday","Wednesday","Thursday","Friday","Saturday"},0)+9, COLUMN()-1 ) ) & ")" )} -> Computer (GA) | J36: {=IF( INDIRECT("TT_"&$B36&"!"& ADDRESS( MATCH(LOOKUP(ROW($A36),ROW($A$1:$A36)/($A$1:$A36<>""),$A$1:$A36), {"Monday","Tuesday","Wednesday","Thursday","Friday","Saturday"},0)+1, COLUMN()-1 ) )="","", INDIRECT("TT_"&$B36&"!"& ADDRESS( MATCH(LOOKUP(ROW($A36),ROW($A$1:$A36)/($A$1:$A36<>""),$A$1:$A36), {"Monday","Tuesday","Wednesday","Thursday","Friday","Saturday"},0)+1, COLUMN()-1 ) ) & " (" & INDIRECT("TT_"&$B36&"!"& ADDRESS( MATCH(LOOKUP(ROW($A36),ROW($A$1:$A36)/($A$1:$A36<>""),$A$1:$A36), {"Monday","Tuesday","Wednesday","Thursday","Friday","Saturday"},0)+9, COLUMN()-1 ) ) & ")" )} -> Computer (GA)
... B44: 11b | C44: {=IF( INDIRECT("TT_"&$B44&"!"& ADDRESS( MATCH(LOOKUP(ROW($A44),ROW($A$1:$A44)/($A$1:$A44<>""),$A$1:$A44), {"Monday","Tuesday","Wednesday","Thursday","Friday","Saturday"},0)+1, COLUMN()-1 ) )="","", INDIRECT("TT_"&$B44&"!"& ADDRESS( MATCH(LOOKUP(ROW($A44),ROW($A$1:$A44)/($A$1:$A44<>""),$A$1:$A44), {"Monday","Tuesday","Wednesday","Thursday","Friday","Saturday"},0)+1, COLUMN()-1 ) ) & " (" & INDIRECT("TT_"&$B44&"!"& ADDRESS( MATCH(LOOKUP(ROW($A44),ROW($A$1:$A44)/($A$1:$A44<>""),$A$1:$A44), {"Monday","Tuesday","Wednesday","Thursday","Friday","Saturday"},0)+9, COLUMN()-1 ) ) & ")" )} -> English (MN) | D44: {=IF( INDIRECT("TT_"&$B44&"!"& ADDRESS( MATCH(LOOKUP(ROW($A44),ROW($A$1:$A44)/($A$1:$A44<>""),$A$1:$A44), {"Monday","Tuesday","Wednesday","Thursday","Friday","Saturday"},0)+1, COLUMN()-1 ) )="","", INDIRECT("TT_"&$B44&"!"& ADDRESS( MATCH(LOOKUP(ROW($A44),ROW($A$1:$A44)/($A$1:$A44<>""),$A$1:$A44), {"Monday","Tuesday","Wednesday","Thursday","Friday","Saturday"},0)+1, COLUMN()-1 ) ) & " (" & INDIRECT("TT_"&$B44&"!"& ADDRESS( MATCH(LOOKUP(ROW($A44),ROW($A$1:$A44)/($A$1:$A44<>""),$A$1:$A44), {"Monday","Tuesday","Wednesday","Thursday","Friday","Saturday"},0)+9, COLUMN()-1 ) ) & ")" )} -> Accounts/HIST (SA,SS) | E44: {=IF( INDIRECT("TT_"&$B44&"!"& ADDRESS( MATCH(LOOKUP(ROW($A44),ROW($A$1:$A44)/($A$1:$A44<>""),$A$1:$A44), {"Monday","Tuesday","Wednesday","Thursday","Friday","Saturday"},0)+1, COLUMN()-1 ) )="","", INDIRECT("TT_"&$B44&"!"& ADDRESS( MATCH(LOOKUP(ROW($A44),ROW($A$1:$A44)/($A$1:$A44<>""),$A$1:$A44), {"Monday","Tuesday","Wednesday","Thursday","Friday","Saturday"},0)+1, COLUMN()-1 ) ) & " (" & INDIRECT("TT_"&$B44&"!"& ADDRESS( MATCH(LOOKUP(ROW($A44),ROW($A$1:$A44)/($A$1:$A44<>""),$A$1:$A44), {"Monday","Tuesday","Wednesday","Thursday","Friday","Saturday"},0)+9, COLUMN()-1 ) ) & ")" )} -> Food_P/AI/Lib_Sc (RN,AR,SP) | F44: {=IF( INDIRECT("TT_"&$B44&"!"& ADDRESS( MATCH(LOOKUP(ROW($A44),ROW($A$1:$A44)/($A$1:$A44<>""),$A$1:$A44), {"Monday","Tuesday","Wednesday","Thursday","Friday","Saturday"},0)+1, COLUMN()-1 ) )="","", INDIRECT("TT_"&$B44&"!"& ADDRESS( MATCH(LOOKUP(ROW($A44),ROW($A$1:$A44)/($A$1:$A44<>""),$A$1:$A44), {"Monday","Tuesday","Wednesday","Thursday","Friday","Saturday"},0)+1, COLUMN()-1 ) ) & " (" & INDIRECT("TT_"&$B44&"!"& ADDRESS( MATCH(LOOKUP(ROW($A44),ROW($A$1:$A44)/($A$1:$A44<>""),$A$1:$A44), {"Monday","Tuesday","Wednesday","Thursday","Friday","Saturday"},0)+9, COLUMN()-1 ) ) & ")" )} -> Food_P/AI/Lib_Sc (RN,AR,SP) | G44: {=IF( INDIRECT("TT_"&$B44&"!"& ADDRESS( MATCH(LOOKUP(ROW($A44),ROW($A$1:$A44)/($A$1:$A44<>""),$A$1:$A44), {"Monday","Tuesday","Wednesday","Thursday","Friday","Saturday"},0)+1, COLUMN()-1 ) )="","", INDIRECT("TT_"&$B44&"!"& ADDRESS( MATCH(LOOKUP(ROW($A44),ROW($A$1:$A44)/($A$1:$A44<>""),$A$1:$A44), {"Monday","Tuesday","Wednesday","Thursday","Friday","Saturday"},0)+1, COLUMN()-1 ) ) & " (" & INDIRECT("TT_"&$B44&"!"& ADDRESS( MATCH(LOOKUP(ROW($A44),ROW($A$1:$A44)/($A$1:$A44<>""),$A$1:$A44), {"Monday","Tuesday","Wednesday","Thursday","Friday","Saturday"},0)+9, COLUMN()-1 ) ) & ")" )} -> Food_P/AI/Lib_Sc (RN,AR,SP) | H44: {=IF( INDIRECT("TT_"&$B44&"!"& ADDRESS( MATCH(LOOKUP(ROW($A44),ROW($A$1:$A44)/($A$1:$A44<>""),$A$1:$A44), {"Monday","Tuesday","Wednesday","Thursday","Friday","Saturday"},0)+1, COLUMN()-1 ) )="","", INDIRECT("TT_"&$B44&"!"& ADDRESS( MATCH(LOOKUP(ROW($A44),ROW($A$1:$A44)/($A$1:$A44<>""),$A$1:$A44), {"Monday","Tuesday","Wednesday","Thursday","Friday","Saturday"},0)+1, COLUMN()-1 ) ) & " (" & INDIRECT("TT_"&$B44&"!"& ADDRESS( MATCH(LOOKUP(ROW($A44),ROW($A$1:$A44)/($A$1:$A44<>""),$A$1:$A44), {"Monday","Tuesday","Wednesday","Thursday","Friday","Saturday"},0)+9, COLUMN()-1 ) ) & ")" )} -> Bio/Eco/Phy_Edu (SB,SA,DV) | I44: {=IF( INDIRECT("TT_"&$B44&"!"& ADDRESS( MATCH(LOOKUP(ROW($A44),ROW($A$1:$A44)/($A$1:$A44<>""),$A$1:$A44), {"Monday","Tuesday","Wednesday","Thursday","Friday","Saturday"},0)+1, COLUMN()-1 ) )="","", INDIRECT("TT_"&$B44&"!"& ADDRESS( MATCH(LOOKUP(ROW($A44),ROW($A$1:$A44)/($A$1:$A44<>""),$A$1:$A44), {"Monday","Tuesday","Wednesday","Thursday","Friday","Saturday"},0)+1, COLUMN()-1 ) ) & " (" & INDIRECT("TT_"&$B44&"!"& ADDRESS( MATCH(LOOKUP(ROW($A44),ROW($A$1:$A44)/($A$1:$A44<>""),$A$1:$A44), {"Monday","Tuesday","Wednesday","Thursday","Friday","Saturday"},0)+9, COLUMN()-1 ) ) & ")" )} -> BSt/Pol_Sc (SA,SS) | J44: {=IF( INDIRECT("TT_"&$B44&"!"& ADDRESS( MATCH(LOOKUP(ROW($A44),ROW($A$1:$A44)/($A$1:$A44<>""),$A$1:$A44), {"Monday","Tuesday","Wednesday","Thursday","Friday","Saturday"},0)+1, COLUMN()-1 ) )="","", INDIRECT("TT_"&$B44&"!"& ADDRESS( MATCH(LOOKUP(ROW($A44),ROW($A$1:$A44)/($A$1:$A44<>""),$A$1:$A44), {"Monday","Tuesday","Wednesday","Thursday","Friday","Saturday"},0)+1, COLUMN()-1 ) ) & " (" & INDIRECT("TT_"&$B44&"!"& ADDRESS( MATCH(LOOKUP(ROW($A44),ROW($A$1:$A44)/($A$1:$A44<>""),$A$1:$A44), {"Monday","Tuesday","Wednesday","Thursday","Friday","Saturday"},0)+9, COLUMN()-1 ) ) & ")" )} -> Maths/Music/Hindi (AG,MG,MS)
A45: WEDNESDAY | B45: 1a | C45: {=IF( INDIRECT("TT_"&$B45&"!"& ADDRESS( MATCH(LOOKUP(ROW($A45),ROW($A$1:$A45)/($A$1:$A45<>""),$A$1:$A45), {"Monday","Tuesday","Wednesday","Thursday","Friday","Saturday"},0)+1, COLUMN()-1 ) )="","", INDIRECT("TT_"&$B45&"!"& ADDRESS( MATCH(LOOKUP(ROW($A45),ROW($A$1:$A45)/($A$1:$A45<>""),$A$1:$A45), {"Monday","Tuesday","Wednesday","Thursday","Friday","Saturday"},0)+1, COLUMN()-1 ) ) & " (" & INDIRECT("TT_"&$B45&"!"& ADDRESS( MATCH(LOOKUP(ROW($A45),ROW($A$1:$A45)/($A$1:$A45<>""),$A$1:$A45), {"Monday","Tuesday","Wednesday","Thursday","Friday","Saturday"},0)+9, COLUMN()-1 ) ) & ")" )} -> Skating (SZ) | D45: {=IF( INDIRECT("TT_"&$B45&"!"& ADDRESS( MATCH(LOOKUP(ROW($A45),ROW($A$1:$A45)/($A$1:$A45<>""),$A$1:$A45), {"Monday","Tuesday","Wednesday","Thursday","Friday","Saturday"},0)+1, COLUMN()-1 ) )="","", INDIRECT("TT_"&$B45&"!"& ADDRESS( MATCH(LOOKUP(ROW($A45),ROW($A$1:$A45)/($A$1:$A45<>""),$A$1:$A45), {"Monday","Tuesday","Wednesday","Thursday","Friday","Saturday"},0)+1, COLUMN()-1 ) ) & " (" & INDIRECT("TT_"&$B45&"!"& ADDRESS( MATCH(LOOKUP(ROW($A45),ROW($A$1:$A45)/($A$1:$A45<>""),$A$1:$A45), {"Monday","Tuesday","Wednesday","Thursday","Friday","Saturday"},0)+9, COLUMN()-1 ) ) & ")" )} -> English_Lit (NM) | E45: {=IF( INDIRECT("TT_"&$B45&"!"& ADDRESS( MATCH(LOOKUP(ROW($A45),ROW($A$1:$A45)/($A$1:$A45<>""),$A$1:$A45), {"Monday","Tuesday","Wednesday","Thursday","Friday","Saturday"},0)+1, COLUMN()-1 ) )="","", INDIRECT("TT_"&$B45&"!"& ADDRESS( MATCH(LOOKUP(ROW($A45),ROW($A$1:$A45)/($A$1:$A45<>""),$A$1:$A45), {"Monday","Tuesday","Wednesday","Thursday","Friday","Saturday"},0)+1, COLUMN()-1 ) ) & " (" & INDIRECT("TT_"&$B45&"!"& ADDRESS( MATCH(LOOKUP(ROW($A45),ROW($A$1:$A45)/($A$1:$A45<>""),$A$1:$A45), {"Monday","Tuesday","Wednesday","Thursday","Friday","Saturday"},0)+9, COLUMN()-1 ) ) & ")" )} -> A/C (MP) | F45: {=IF( INDIRECT("TT_"&$B45&"!"& ADDRESS( MATCH(LOOKUP(ROW($A45),ROW($A$1:$A45)/($A$1:$A45<>""),$A$1:$A45), {"Monday","Tuesday","Wednesday","Thursday","Friday","Saturday"},0)+1, COLUMN()-1 ) )="","", INDIRECT("TT_"&$B45&"!"& ADDRESS( MATCH(LOOKUP(ROW($A45),ROW($A$1:$A45)/($A$1:$A45<>""),$A$1:$A45), {"Monday","Tuesday","Wednesday","Thursday","Friday","Saturday"},0)+1, COLUMN()-1 ) ) & " (" & INDIRECT("TT_"&$B45&"!"& ADDRESS( MATCH(LOOKUP(ROW($A45),ROW($A$1:$A45)/($A$1:$A45<>""),$A$1:$A45), {"Monday","Tuesday","Wednesday","Thursday","Friday","Saturday"},0)+9, COLUMN()-1 ) ) & ")" )} -> EVS (NM) | G45: {=IF( INDIRECT("TT_"&$B45&"!"& ADDRESS( MATCH(LOOKUP(ROW($A45),ROW($A$1:$A45)/($A$1:$A45<>""),$A$1:$A45), {"Monday","Tuesday","Wednesday","Thursday","Friday","Saturday"},0)+1, COLUMN()-1 ) )="","", INDIRECT("TT_"&$B45&"!"& ADDRESS( MATCH(LOOKUP(ROW($A45),ROW($A$1:$A45)/($A$1:$A45<>""),$A$1:$A45), {"Monday","Tuesday","Wednesday","Thursday","Friday","Saturday"},0)+1, COLUMN()-1 ) ) & " (" & INDIRECT("TT_"&$B45&"!"& ADDRESS( MATCH(LOOKUP(ROW($A45),ROW($A$1:$A45)/($A$1:$A45<>""),$A$1:$A45), {"Monday","Tuesday","Wednesday","Thursday","Friday","Saturday"},0)+9, COLUMN()-1 ) ) & ")" )} -> Music (MG) | H45: {=IF( INDIRECT("TT_"&$B45&"!"& ADDRESS( MATCH(LOOKUP(ROW($A45),ROW($A$1:$A45)/($A$1:$A45<>""),$A$1:$A45), {"Monday","Tuesday","Wednesday","Thursday","Friday","Saturday"},0)+1, COLUMN()-1 ) )="","", INDIRECT("TT_"&$B45&"!"& ADDRESS( MATCH(LOOKUP(ROW($A45),ROW($A$1:$A45)/($A$1:$A45<>""),$A$1:$A45), {"Monday","Tuesday","Wednesday","Thursday","Friday","Saturday"},0)+1, COLUMN()-1 ) ) & " (" & INDIRECT("TT_"&$B45&"!"& ADDRESS( MATCH(LOOKUP(ROW($A45),ROW($A$1:$A45)/($A$1:$A45<>""),$A$1:$A45), {"Monday","Tuesday","Wednesday","Thursday","Friday","Saturday"},0)+9, COLUMN()-1 ) ) & ")" )} -> Hindi_Lit (NM) | I45: {=IF( INDIRECT("TT_"&$B45&"!"& ADDRESS( MATCH(LOOKUP(ROW($A45),ROW($A$1:$A45)/($A$1:$A45<>""),$A$1:$A45), {"Monday","Tuesday","Wednesday","Thursday","Friday","Saturday"},0)+1, COLUMN()-1 ) )="","", INDIRECT("TT_"&$B45&"!"& ADDRESS( MATCH(LOOKUP(ROW($A45),ROW($A$1:$A45)/($A$1:$A45<>""),$A$1:$A45), {"Monday","Tuesday","Wednesday","Thursday","Friday","Saturday"},0)+1, COLUMN()-1 ) ) & " (" & INDIRECT("TT_"&$B45&"!"& ADDRESS( MATCH(LOOKUP(ROW($A45),ROW($A$1:$A45)/($A$1:$A45<>""),$A$1:$A45), {"Monday","Tuesday","Wednesday","Thursday","Friday","Saturday"},0)+9, COLUMN()-1 ) ) & ")" )} -> Maths (NM) | J45: {=IF( INDIRECT("TT_"&$B45&"!"& ADDRESS( MATCH(LOOKUP(ROW($A45),ROW($A$1:$A45)/($A$1:$A45<>""),$A$1:$A45), {"Monday","Tuesday","Wednesday","Thursday","Friday","Saturday"},0)+1, COLUMN()-1 ) )="","", INDIRECT("TT_"&$B45&"!"& ADDRESS( MATCH(LOOKUP(ROW($A45),ROW($A$1:$A45)/($A$1:$A45<>""),$A$1:$A45), {"Monday","Tuesday","Wednesday","Thursday","Friday","Saturday"},0)+1, COLUMN()-1 ) ) & " (" & INDIRECT("TT_"&$B45&"!"& ADDRESS( MATCH(LOOKUP(ROW($A45),ROW($A$1:$A45)/($A$1:$A45<>""),$A$1:$A45), {"Monday","Tuesday","Wednesday","Thursday","Friday","Saturday"},0)+9, COLUMN()-1 ) ) & ")" )} -> STEM_Junior (NP)
B46: 1b | C46: {=IF( INDIRECT("TT_"&$B46&"!"& ADDRESS( MATCH(LOOKUP(ROW($A46),ROW($A$1:$A46)/($A$1:$A46<>""),$A$1:$A46), {"Monday","Tuesday","Wednesday","Thursday","Friday","Saturday"},0)+1, COLUMN()-1 ) )="","", INDIRECT("TT_"&$B46&"!"& ADDRESS( MATCH(LOOKUP(ROW($A46),ROW($A$1:$A46)/($A$1:$A46<>""),$A$1:$A46), {"Monday","Tuesday","Wednesday","Thursday","Friday","Saturday"},0)+1, COLUMN()-1 ) ) & " (" & INDIRECT("TT_"&$B46&"!"& ADDRESS( MATCH(LOOKUP(ROW($A46),ROW($A$1:$A46)/($A$1:$A46<>""),$A$1:$A46), {"Monday","Tuesday","Wednesday","Thursday","Friday","Saturday"},0)+9, COLUMN()-1 ) ) & ")" )} -> Skating (SZ) | D46: {=IF( INDIRECT("TT_"&$B46&"!"& ADDRESS( MATCH(LOOKUP(ROW($A46),ROW($A$1:$A46)/($A$1:$A46<>""),$A$1:$A46), {"Monday","Tuesday","Wednesday","Thursday","Friday","Saturday"},0)+1, COLUMN()-1 ) )="","", INDIRECT("TT_"&$B46&"!"& ADDRESS( MATCH(LOOKUP(ROW($A46),ROW($A$1:$A46)/($A$1:$A46<>""),$A$1:$A46), {"Monday","Tuesday","Wednesday","Thursday","Friday","Saturday"},0)+1, COLUMN()-1 ) ) & " (" & INDIRECT("TT_"&$B46&"!"& ADDRESS( MATCH(LOOKUP(ROW($A46),ROW($A$1:$A46)/($A$1:$A46<>""),$A$1:$A46), {"Monday","Tuesday","Wednesday","Thursday","Friday","Saturday"},0)+9, COLUMN()-1 ) ) & ")" )} -> Maths (TP) | E46: {=IF( INDIRECT("TT_"&$B46&"!"& ADDRESS( MATCH(LOOKUP(ROW($A46),ROW($A$1:$A46)/($A$1:$A46<>""),$A$1:$A46), {"Monday","Tuesday","Wednesday","Thursday","Friday","Saturday"},0)+1, COLUMN()-1 ) )="","", INDIRECT("TT_"&$B46&"!"& ADDRESS( MATCH(LOOKUP(ROW($A46),ROW($A$1:$A46)/($A$1:$A46<>""),$A$1:$A46), {"Monday","Tuesday","Wednesday","Thursday","Friday","Saturday"},0)+1, COLUMN()-1 ) ) & " (" & INDIRECT("TT_"&$B46&"!"& ADDRESS( MATCH(LOOKUP(ROW($A46),ROW($A$1:$A46)/($A$1:$A46<>""),$A$1:$A46), {"Monday","Tuesday","Wednesday","Thursday","Friday","Saturday"},0)+9, COLUMN()-1 ) ) & ")" )} -> Computer (TP) | F46: {=IF( INDIRECT("TT_"&$B46&"!"& ADDRESS( MATCH(LOOKUP(ROW($A46),ROW($A$1:$A46)/($A$1:$A46<>""),$A$1:$A46), {"Monday","Tuesday","Wednesday","Thursday","Friday","Saturday"},0)+1, COLUMN()-1 ) )="","", INDIRECT("TT_"&$B46&"!"& ADDRESS( MATCH(LOOKUP(ROW($A46),ROW($A$1:$A46)/($A$1:$A46<>""),$A$1:$A46), {"Monday","Tuesday","Wednesday","Thursday","Friday","Saturday"},0)+1, COLUMN()-1 ) ) & " (" & INDIRECT("TT_"&$B46&"!"& ADDRESS( MATCH(LOOKUP(ROW($A46),ROW($A$1:$A46)/($A$1:$A46<>""),$A$1:$A46), {"Monday","Tuesday","Wednesday","Thursday","Friday","Saturday"},0)+9, COLUMN()-1 ) ) & ")" )} -> A/C (MP) | G46: {=IF( INDIRECT("TT_"&$B46&"!"& ADDRESS( MATCH(LOOKUP(ROW($A46),ROW($A$1:$A46)/($A$1:$A46<>""),$A$1:$A46), {"Monday","Tuesday","Wednesday","Thursday","Friday","Saturday"},0)+1, COLUMN()-1 ) )="","", INDIRECT("TT_"&$B46&"!"& ADDRESS( MATCH(LOOKUP(ROW($A46),ROW($A$1:$A46)/($A$1:$A46<>""),$A$1:$A46), {"Monday","Tuesday","Wednesday","Thursday","Friday","Saturday"},0)+1, COLUMN()-1 ) ) & " (" & INDIRECT("TT_"&$B46&"!"& ADDRESS( MATCH(LOOKUP(ROW($A46),ROW($A$1:$A46)/($A$1:$A46<>""),$A$1:$A46), {"Monday","Tuesday","Wednesday","Thursday","Friday","Saturday"},0)+9, COLUMN()-1 ) ) & ")" )} -> English_Lit (TP) | H46: {=IF( INDIRECT("TT_"&$B46&"!"& ADDRESS( MATCH(LOOKUP(ROW($A46),ROW($A$1:$A46)/($A$1:$A46<>""),$A$1:$A46), {"Monday","Tuesday","Wednesday","Thursday","Friday","Saturday"},0)+1, COLUMN()-1 ) )="","", INDIRECT("TT_"&$B46&"!"& ADDRESS( MATCH(LOOKUP(ROW($A46),ROW($A$1:$A46)/($A$1:$A46<>""),$A$1:$A46), {"Monday","Tuesday","Wednesday","Thursday","Friday","Saturday"},0)+1, COLUMN()-1 ) ) & " (" & INDIRECT("TT_"&$B46&"!"& ADDRESS( MATCH(LOOKUP(ROW($A46),ROW($A$1:$A46)/($A$1:$A46<>""),$A$1:$A46), {"Monday","Tuesday","Wednesday","Thursday","Friday","Saturday"},0)+9, COLUMN()-1 ) ) & ")" )} -> Hindi_Lit (TP) | I46: {=IF( INDIRECT("TT_"&$B46&"!"& ADDRESS( MATCH(LOOKUP(ROW($A46),ROW($A$1:$A46)/($A$1:$A46<>""),$A$1:$A46), {"Monday","Tuesday","Wednesday","Thursday","Friday","Saturday"},0)+1, COLUMN()-1 ) )="","", INDIRECT("TT_"&$B46&"!"& ADDRESS( MATCH(LOOKUP(ROW($A46),ROW($A$1:$A46)/($A$1:$A46<>""),$A$1:$A46), {"Monday","Tuesday","Wednesday","Thursday","Friday","Saturday"},0)+1, COLUMN()-1 ) ) & " (" & INDIRECT("TT_"&$B46&"!"& ADDRESS( MATCH(LOOKUP(ROW($A46),ROW($A$1:$A46)/($A$1:$A46<>""),$A$1:$A46), {"Monday","Tuesday","Wednesday","Thursday","Friday","Saturday"},0)+9, COLUMN()-1 ) ) & ")" )} -> Maths (TP) | J46: {=IF( INDIRECT("TT_"&$B46&"!"& ADDRESS( MATCH(LOOKUP(ROW($A46),ROW($A$1:$A46)/($A$1:$A46<>""),$A$1:$A46), {"Monday","Tuesday","Wednesday","Thursday","Friday","Saturday"},0)+1, COLUMN()-1 ) )="","", INDIRECT("TT_"&$B46&"!"& ADDRESS( MATCH(LOOKUP(ROW($A46),ROW($A$1:$A46)/($A$1:$A46<>""),$A$1:$A46), {"Monday","Tuesday","Wednesday","Thursday","Friday","Saturday"},0)+1, COLUMN()-1 ) ) & " (" & INDIRECT("TT_"&$B46&"!"& ADDRESS( MATCH(LOOKUP(ROW($A46),ROW($A$1:$A46)/($A$1:$A46<>""),$A$1:$A46), {"Monday","Tuesday","Wednesday","Thursday","Friday","Saturday"},0)+9, COLUMN()-1 ) ) & ")" )} -> EVS (TP)
B47: 2a | C47: {=IF( INDIRECT("TT_"&$B47&"!"& ADDRESS( MATCH(LOOKUP(ROW($A47),ROW($A$1:$A47)/($A$1:$A47<>""),$A$1:$A47), {"Monday","Tuesday","Wednesday","Thursday","Friday","Saturday"},0)+1, COLUMN()-1 ) )="","", INDIRECT("TT_"&$B47&"!"& ADDRESS( MATCH(LOOKUP(ROW($A47),ROW($A$1:$A47)/($A$1:$A47<>""),$A$1:$A47), {"Monday","Tuesday","Wednesday","Thursday","Friday","Saturday"},0)+1, COLUMN()-1 ) ) & " (" & INDIRECT("TT_"&$B47&"!"& ADDRESS( MATCH(LOOKUP(ROW($A47),ROW($A$1:$A47)/($A$1:$A47<>""),$A$1:$A47), {"Monday","Tuesday","Wednesday","Thursday","Friday","Saturday"},0)+9, COLUMN()-1 ) ) & ")" )} -> Computer (NP) | D47: {=IF( INDIRECT("TT_"&$B47&"!"& ADDRESS( MATCH(LOOKUP(ROW($A47),ROW($A$1:$A47)/($A$1:$A47<>""),$A$1:$A47), {"Monday","Tuesday","Wednesday","Thursday","Friday","Saturday"},0)+1, COLUMN()-1 ) )="","", INDIRECT("TT_"&$B47&"!"& ADDRESS( MATCH(LOOKUP(ROW($A47),ROW($A$1:$A47)/($A$1:$A47<>""),$A$1:$A47), {"Monday","Tuesday","Wednesday","Thursday","Friday","Saturday"},0)+1, COLUMN()-1 ) ) & " (" & INDIRECT("TT_"&$B47&"!"& ADDRESS( MATCH(LOOKUP(ROW($A47),ROW($A$1:$A47)/($A$1:$A47<>""),$A$1:$A47), {"Monday","Tuesday","Wednesday","Thursday","Friday","Saturday"},0)+9, COLUMN()-1 ) ) & ")" )} -> Games (SZ) | E47: {=IF( INDIRECT("TT_"&$B47&"!"& ADDRESS( MATCH(LOOKUP(ROW($A47),ROW($A$1:$A47)/($A$1:$A47<>""),$A$1:$A47), {"Monday","Tuesday","Wednesday","Thursday","Friday","Saturday"},0)+1, COLUMN()-1 ) )="","", INDIRECT("TT_"&$B47&"!"& ADDRESS( MATCH(LOOKUP(ROW($A47),ROW($A$1:$A47)/($A$1:$A47<>""),$A$1:$A47), {"Monday","Tuesday","Wednesday","Thursday","Friday","Saturday"},0)+1, COLUMN()-1 ) ) & " (" & INDIRECT("TT_"&$B47&"!"& ADDRESS( MATCH(LOOKUP(ROW($A47),ROW($A$1:$A47)/($A$1:$A47<>""),$A$1:$A47), {"Monday","Tuesday","Wednesday","Thursday","Friday","Saturday"},0)+9, COLUMN()-1 ) ) & ")" )} -> EVS (PB) | F47: {=IF( INDIRECT("TT_"&$B47&"!"& ADDRESS( MATCH(LOOKUP(ROW($A47),ROW($A$1:$A47)/($A$1:$A47<>""),$A$1:$A47), {"Monday","Tuesday","Wednesday","Thursday","Friday","Saturday"},0)+1, COLUMN()-1 ) )="","", INDIRECT("TT_"&$B47&"!"& ADDRESS( MATCH(LOOKUP(ROW($A47),ROW($A$1:$A47)/($A$1:$A47<>""),$A$1:$A47), {"Monday","Tuesday","Wednesday","Thursday","Friday","Saturday"},0)+1, COLUMN()-1 ) ) & " (" & INDIRECT("TT_"&$B47&"!"& ADDRESS( MATCH(LOOKUP(ROW($A47),ROW($A$1:$A47)/($A$1:$A47<>""),$A$1:$A47), {"Monday","Tuesday","Wednesday","Thursday","Friday","Saturday"},0)+9, COLUMN()-1 ) ) & ")" )} -> Hindi_Lit (PB) | G47: {=IF( INDIRECT("TT_"&$B47&"!"& ADDRESS( MATCH(LOOKUP(ROW($A47),ROW($A$1:$A47)/($A$1:$A47<>""),$A$1:$A47), {"Monday","Tuesday","Wednesday","Thursday","Friday","Saturday"},0)+1, COLUMN()-1 ) )="","", INDIRECT("TT_"&$B47&"!"& ADDRESS( MATCH(LOOKUP(ROW($A47),ROW($A$1:$A47)/($A$1:$A47<>""),$A$1:$A47), {"Monday","Tuesday","Wednesday","Thursday","Friday","Saturday"},0)+1, COLUMN()-1 ) ) & " (" & INDIRECT("TT_"&$B47&"!"& ADDRESS( MATCH(LOOKUP(ROW($A47),ROW($A$1:$A47)/($A$1:$A47<>""),$A$1:$A47), {"Monday","Tuesday","Wednesday","Thursday","Friday","Saturday"},0)+9, COLUMN()-1 ) ) & ")" )} -> Library (SP) | H47: {=IF( INDIRECT("TT_"&$B47&"!"& ADDRESS( MATCH(LOOKUP(ROW($A47),ROW($A$1:$A47)/($A$1:$A47<>""),$A$1:$A47), {"Monday","Tuesday","Wednesday","Thursday","Friday","Saturday"},0)+1, COLUMN()-1 ) )="","", INDIRECT("TT_"&$B47&"!"& ADDRESS( MATCH(LOOKUP(ROW($A47),ROW($A$1:$A47)/($A$1:$A47<>""),$A$1:$A47), {"Monday","Tuesday","Wednesday","Thursday","Friday","Saturday"},0)+1, COLUMN()-1 ) ) & " (" & INDIRECT("TT_"&$B47&"!"& ADDRESS( MATCH(LOOKUP(ROW($A47),ROW($A$1:$A47)/($A$1:$A47<>""),$A$1:$A47), {"Monday","Tuesday","Wednesday","Thursday","Friday","Saturday"},0)+9, COLUMN()-1 ) ) & ")" )} -> A/C (MP) | I47: {=IF( INDIRECT("TT_"&$B47&"!"& ADDRESS( MATCH(LOOKUP(ROW($A47),ROW($A$1:$A47)/($A$1:$A47<>""),$A$1:$A47), {"Monday","Tuesday","Wednesday","Thursday","Friday","Saturday"},0)+1, COLUMN()-1 ) )="","", INDIRECT("TT_"&$B47&"!"& ADDRESS( MATCH(LOOKUP(ROW($A47),ROW($A$1:$A47)/($A$1:$A47<>""),$A$1:$A47), {"Monday","Tuesday","Wednesday","Thursday","Friday","Saturday"},0)+1, COLUMN()-1 ) ) & " (" & INDIRECT("TT_"&$B47&"!"& ADDRESS( MATCH(LOOKUP(ROW($A47),ROW($A$1:$A47)/($A$1:$A47<>""),$A$1:$A47), {"Monday","Tuesday","Wednesday","Thursday","Friday","Saturday"},0)+9, COLUMN()-1 ) ) & ")" )} -> Maths (PB) | J47: {=IF( INDIRECT("TT_"&$B47&"!"& ADDRESS( MATCH(LOOKUP(ROW($A47),ROW($A$1:$A47)/($A$1:$A47<>""),$A$1:$A47), {"Monday","Tuesday","Wednesday","Thursday","Friday","Saturday"},0)+1, COLUMN()-1 ) )="","", INDIRECT("TT_"&$B47&"!"& ADDRESS( MATCH(LOOKUP(ROW($A47),ROW($A$1:$A47)/($A$1:$A47<>""),$A$1:$A47), {"Monday","Tuesday","Wednesday","Thursday","Friday","Saturday"},0)+1, COLUMN()-1 ) ) & " (" & INDIRECT("TT_"&$B47&"!"& ADDRESS( MATCH(LOOKUP(ROW($A47),ROW($A$1:$A47)/($A$1:$A47<>""),$A$1:$A47), {"Monday","Tuesday","Wednesday","Thursday","Friday","Saturday"},0)+9, COLUMN()-1 ) ) & ")" )} -> English_Lit (PB)
B48: 2b | C48: {=IF( INDIRECT("TT_"&$B48&"!"& ADDRESS( MATCH(LOOKUP(ROW($A48),ROW($A$1:$A48)/($A$1:$A48<>""),$A$1:$A48), {"Monday","Tuesday","Wednesday","Thursday","Friday","Saturday"},0)+1, COLUMN()-1 ) )="","", INDIRECT("TT_"&$B48&"!"& ADDRESS( MATCH(LOOKUP(ROW($A48),ROW($A$1:$A48)/($A$1:$A48<>""),$A$1:$A48), {"Monday","Tuesday","Wednesday","Thursday","Friday","Saturday"},0)+1, COLUMN()-1 ) ) & " (" & INDIRECT("TT_"&$B48&"!"& ADDRESS( MATCH(LOOKUP(ROW($A48),ROW($A$1:$A48)/($A$1:$A48<>""),$A$1:$A48), {"Monday","Tuesday","Wednesday","Thursday","Friday","Saturday"},0)+9, COLUMN()-1 ) ) & ")" )} -> Hindi_Lit (SU) | D48: {=IF( INDIRECT("TT_"&$B48&"!"& ADDRESS( MATCH(LOOKUP(ROW($A48),ROW($A$1:$A48)/($A$1:$A48<>""),$A$1:$A48), {"Monday","Tuesday","Wednesday","Thursday","Friday","Saturday"},0)+1, COLUMN()-1 ) )="","", INDIRECT("TT_"&$B48&"!"& ADDRESS( MATCH(LOOKUP(ROW($A48),ROW($A$1:$A48)/($A$1:$A48<>""),$A$1:$A48), {"Monday","Tuesday","Wednesday","Thursday","Friday","Saturday"},0)+1, COLUMN()-1 ) ) & " (" & INDIRECT("TT_"&$B48&"!"& ADDRESS( MATCH(LOOKUP(ROW($A48),ROW($A$1:$A48)/($A$1:$A48<>""),$A$1:$A48), {"Monday","Tuesday","Wednesday","Thursday","Friday","Saturday"},0)+9, COLUMN()-1 ) ) & ")" )} -> Library (SP) | E48: {=IF( INDIRECT("TT_"&$B48&"!"& ADDRESS( MATCH(LOOKUP(ROW($A48),ROW($A$1:$A48)/($A$1:$A48<>""),$A$1:$A48), {"Monday","Tuesday","Wednesday","Thursday","Friday","Saturday"},0)+1, COLUMN()-1 ) )="","", INDIRECT("TT_"&$B48&"!"& ADDRESS( MATCH(LOOKUP(ROW($A48),ROW($A$1:$A48)/($A$1:$A48<>""),$A$1:$A48), {"Monday","Tuesday","Wednesday","Thursday","Friday","Saturday"},0)+1, COLUMN()-1 ) ) & " (" & INDIRECT("TT_"&$B48&"!"& ADDRESS( MATCH(LOOKUP(ROW($A48),ROW($A$1:$A48)/($A$1:$A48<>""),$A$1:$A48), {"Monday","Tuesday","Wednesday","Thursday","Friday","Saturday"},0)+9, COLUMN()-1 ) ) & ")" )} -> Maths (SU) | F48: {=IF( INDIRECT("TT_"&$B48&"!"& ADDRESS( MATCH(LOOKUP(ROW($A48),ROW($A$1:$A48)/($A$1:$A48<>""),$A$1:$A48), {"Monday","Tuesday","Wednesday","Thursday","Friday","Saturday"},0)+1, COLUMN()-1 ) )="","", INDIRECT("TT_"&$B48&"!"& ADDRESS( MATCH(LOOKUP(ROW($A48),ROW($A$1:$A48)/($A$1:$A48<>""),$A$1:$A48), {"Monday","Tuesday","Wednesday","Thursday","Friday","Saturday"},0)+1, COLUMN()-1 ) ) & " (" & INDIRECT("TT_"&$B48&"!"& ADDRESS( MATCH(LOOKUP(ROW($A48),ROW($A$1:$A48)/($A$1:$A48<>""),$A$1:$A48), {"Monday","Tuesday","Wednesday","Thursday","Friday","Saturday"},0)+9, COLUMN()-1 ) ) & ")" )} -> English_Lit (SU) | G48: {=IF( INDIRECT("TT_"&$B48&"!"& ADDRESS( MATCH(LOOKUP(ROW($A48),ROW($A$1:$A48)/($A$1:$A48<>""),$A$1:$A48), {"Monday","Tuesday","Wednesday","Thursday","Friday","Saturday"},0)+1, COLUMN()-1 ) )="","", INDIRECT("TT_"&$B48&"!"& ADDRESS( MATCH(LOOKUP(ROW($A48),ROW($A$1:$A48)/($A$1:$A48<>""),$A$1:$A48), {"Monday","Tuesday","Wednesday","Thursday","Friday","Saturday"},0)+1, COLUMN()-1 ) ) & " (" & INDIRECT("TT_"&$B48&"!"& ADDRESS( MATCH(LOOKUP(ROW($A48),ROW($A$1:$A48)/($A$1:$A48<>""),$A$1:$A48), {"Monday","Tuesday","Wednesday","Thursday","Friday","Saturday"},0)+9, COLUMN()-1 ) ) & ")" )} -> EVS (VR) | H48: {=IF( INDIRECT("TT_"&$B48&"!"& ADDRESS( MATCH(LOOKUP(ROW($A48),ROW($A$1:$A48)/($A$1:$A48<>""),$A$1:$A48), {"Monday","Tuesday","Wednesday","Thursday","Friday","Saturday"},0)+1, COLUMN()-1 ) )="","", INDIRECT("TT_"&$B48&"!"& ADDRESS( MATCH(LOOKUP(ROW($A48),ROW($A$1:$A48)/($A$1:$A48<>""),$A$1:$A48), {"Monday","Tuesday","Wednesday","Thursday","Friday","Saturday"},0)+1, COLUMN()-1 ) ) & " (" & INDIRECT("TT_"&$B48&"!"& ADDRESS( MATCH(LOOKUP(ROW($A48),ROW($A$1:$A48)/($A$1:$A48<>""),$A$1:$A48), {"Monday","Tuesday","Wednesday","Thursday","Friday","Saturday"},0)+9, COLUMN()-1 ) ) & ")" )} -> Computer (NP) | I48: {=IF( INDIRECT("TT_"&$B48&"!"& ADDRESS( MATCH(LOOKUP(ROW($A48),ROW($A$1:$A48)/($A$1:$A48<>""),$A$1:$A48), {"Monday","Tuesday","Wednesday","Thursday","Friday","Saturday"},0)+1, COLUMN()-1 ) )="","", INDIRECT("TT_"&$B48&"!"& ADDRESS( MATCH(LOOKUP(ROW($A48),ROW($A$1:$A48)/($A$1:$A48<>""),$A$1:$A48), {"Monday","Tuesday","Wednesday","Thursday","Friday","Saturday"},0)+1, COLUMN()-1 ) ) & " (" & INDIRECT("TT_"&$B48&"!"& ADDRESS( MATCH(LOOKUP(ROW($A48),ROW($A$1:$A48)/($A$1:$A48<>""),$A$1:$A48), {"Monday","Tuesday","Wednesday","Thursday","Friday","Saturday"},0)+9, COLUMN()-1 ) ) & ")" )} -> A/C (MP) | J48: {=IF( INDIRECT("TT_"&$B48&"!"& ADDRESS( MATCH(LOOKUP(ROW($A48),ROW($A$1:$A48)/($A$1:$A48<>""),$A$1:$A48), {"Monday","Tuesday","Wednesday","Thursday","Friday","Saturday"},0)+1, COLUMN()-1 ) )="","", INDIRECT("TT_"&$B48&"!"& ADDRESS( MATCH(LOOKUP(ROW($A48),ROW($A$1:$A48)/($A$1:$A48<>""),$A$1:$A48), {"Monday","Tuesday","Wednesday","Thursday","Friday","Saturday"},0)+1, COLUMN()-1 ) ) & " (" & INDIRECT("TT_"&$B48&"!"& ADDRESS( MATCH(LOOKUP(ROW($A48),ROW($A$1:$A48)/($A$1:$A48<>""),$A$1:$A48), {"Monday","Tuesday","Wednesday","Thursday","Friday","Saturday"},0)+9, COLUMN()-1 ) ) & ")" )} -> GK (SU)
B49: 3a | C49: {=IF( INDIRECT("TT_"&$B49&"!"& ADDRESS( MATCH(LOOKUP(ROW($A49),ROW($A$1:$A49)/($A$1:$A49<>""),$A$1:$A49), {"Monday","Tuesday","Wednesday","Thursday","Friday","Saturday"},0)+1, COLUMN()-1 ) )="","", INDIRECT("TT_"&$B49&"!"& ADDRESS( MATCH(LOOKUP(ROW($A49),ROW($A$1:$A49)/($A$1:$A49<>""),$A$1:$A49), {"Monday","Tuesday","Wednesday","Thursday","Friday","Saturday"},0)+1, COLUMN()-1 ) ) & " (" & INDIRECT("TT_"&$B49&"!"& ADDRESS( MATCH(LOOKUP(ROW($A49),ROW($A$1:$A49)/($A$1:$A49<>""),$A$1:$A49), {"Monday","Tuesday","Wednesday","Thursday","Friday","Saturday"},0)+9, COLUMN()-1 ) ) & ")" )} -> Science (VR) | D49: {=IF( INDIRECT("TT_"&$B49&"!"& ADDRESS( MATCH(LOOKUP(ROW($A49),ROW($A$1:$A49)/($A$1:$A49<>""),$A$1:$A49), {"Monday","Tuesday","Wednesday","Thursday","Friday","Saturday"},0)+1, COLUMN()-1 ) )="","", INDIRECT("TT_"&$B49&"!"& ADDRESS( MATCH(LOOKUP(ROW($A49),ROW($A$1:$A49)/($A$1:$A49<>""),$A$1:$A49), {"Monday","Tuesday","Wednesday","Thursday","Friday","Saturday"},0)+1, COLUMN()-1 ) ) & " (" & INDIRECT("TT_"&$B49&"!"& ADDRESS( MATCH(LOOKUP(ROW($A49),ROW($A$1:$A49)/($A$1:$A49<>""),$A$1:$A49), {"Monday","Tuesday","Wednesday","Thursday","Friday","Saturday"},0)+9, COLUMN()-1 ) ) & ")" )} -> A/C (MP) | E49: {=IF( INDIRECT("TT_"&$B49&"!"& ADDRESS( MATCH(LOOKUP(ROW($A49),ROW($A$1:$A49)/($A$1:$A49<>""),$A$1:$A49), {"Monday","Tuesday","Wednesday","Thursday","Friday","Saturday"},0)+1, COLUMN()-1 ) )="","", INDIRECT("TT_"&$B49&"!"& ADDRESS( MATCH(LOOKUP(ROW($A49),ROW($A$1:$A49)/($A$1:$A49<>""),$A$1:$A49), {"Monday","Tuesday","Wednesday","Thursday","Friday","Saturday"},0)+1, COLUMN()-1 ) ) & " (" & INDIRECT("TT_"&$B49&"!"& ADDRESS( MATCH(LOOKUP(ROW($A49),ROW($A$1:$A49)/($A$1:$A49<>""),$A$1:$A49), {"Monday","Tuesday","Wednesday","Thursday","Friday","Saturday"},0)+9, COLUMN()-1 ) ) & ")" )} -> English_Lit (AN) | F49: {=IF( INDIRECT("TT_"&$B49&"!"& ADDRESS( MATCH(LOOKUP(ROW($A49),ROW($A$1:$A49)/($A$1:$A49<>""),$A$1:$A49), {"Monday","Tuesday","Wednesday","Thursday","Friday","Saturday"},0)+1, COLUMN()-1 ) )="","", INDIRECT("TT_"&$B49&"!"& ADDRESS( MATCH(LOOKUP(ROW($A49),ROW($A$1:$A49)/($A$1:$A49<>""),$A$1:$A49), {"Monday","Tuesday","Wednesday","Thursday","Friday","Saturday"},0)+1, COLUMN()-1 ) ) & " (" & INDIRECT("TT_"&$B49&"!"& ADDRESS( MATCH(LOOKUP(ROW($A49),ROW($A$1:$A49)/($A$1:$A49<>""),$A$1:$A49), {"Monday","Tuesday","Wednesday","Thursday","Friday","Saturday"},0)+9, COLUMN()-1 ) ) & ")" )} -> Maths (DK) | G49: {=IF( INDIRECT("TT_"&$B49&"!"& ADDRESS( MATCH(LOOKUP(ROW($A49),ROW($A$1:$A49)/($A$1:$A49<>""),$A$1:$A49), {"Monday","Tuesday","Wednesday","Thursday","Friday","Saturday"},0)+1, COLUMN()-1 ) )="","", INDIRECT("TT_"&$B49&"!"& ADDRESS( MATCH(LOOKUP(ROW($A49),ROW($A$1:$A49)/($A$1:$A49<>""),$A$1:$A49), {"Monday","Tuesday","Wednesday","Thursday","Friday","Saturday"},0)+1, COLUMN()-1 ) ) & " (" & INDIRECT("TT_"&$B49&"!"& ADDRESS( MATCH(LOOKUP(ROW($A49),ROW($A$1:$A49)/($A$1:$A49<>""),$A$1:$A49), {"Monday","Tuesday","Wednesday","Thursday","Friday","Saturday"},0)+9, COLUMN()-1 ) ) & ")" )} -> Hindi_Lit (MB) | H49: {=IF( INDIRECT("TT_"&$B49&"!"& ADDRESS( MATCH(LOOKUP(ROW($A49),ROW($A$1:$A49)/($A$1:$A49<>""),$A$1:$A49), {"Monday","Tuesday","Wednesday","Thursday","Friday","Saturday"},0)+1, COLUMN()-1 ) )="","", INDIRECT("TT_"&$B49&"!"& ADDRESS( MATCH(LOOKUP(ROW($A49),ROW($A$1:$A49)/($A$1:$A49<>""),$A$1:$A49), {"Monday","Tuesday","Wednesday","Thursday","Friday","Saturday"},0)+1, COLUMN()-1 ) ) & " (" & INDIRECT("TT_"&$B49&"!"& ADDRESS( MATCH(LOOKUP(ROW($A49),ROW($A$1:$A49)/($A$1:$A49<>""),$A$1:$A49), {"Monday","Tuesday","Wednesday","Thursday","Friday","Saturday"},0)+9, COLUMN()-1 ) ) & ")" )} -> SSt (NT) | I49: {=IF( INDIRECT("TT_"&$B49&"!"& ADDRESS( MATCH(LOOKUP(ROW($A49),ROW($A$1:$A49)/($A$1:$A49<>""),$A$1:$A49), {"Monday","Tuesday","Wednesday","Thursday","Friday","Saturday"},0)+1, COLUMN()-1 ) )="","", INDIRECT("TT_"&$B49&"!"& ADDRESS( MATCH(LOOKUP(ROW($A49),ROW($A$1:$A49)/($A$1:$A49<>""),$A$1:$A49), {"Monday","Tuesday","Wednesday","Thursday","Friday","Saturday"},0)+1, COLUMN()-1 ) ) & " (" & INDIRECT("TT_"&$B49&"!"& ADDRESS( MATCH(LOOKUP(ROW($A49),ROW($A$1:$A49)/($A$1:$A49<>""),$A$1:$A49), {"Monday","Tuesday","Wednesday","Thursday","Friday","Saturday"},0)+9, COLUMN()-1 ) ) & ")" )} -> Computer (NP) | J49: {=IF( INDIRECT("TT_"&$B49&"!"& ADDRESS( MATCH(LOOKUP(ROW($A49),ROW($A$1:$A49)/($A$1:$A49<>""),$A$1:$A49), {"Monday","Tuesday","Wednesday","Thursday","Friday","Saturday"},0)+1, COLUMN()-1 ) )="","", INDIRECT("TT_"&$B49&"!"& ADDRESS( MATCH(LOOKUP(ROW($A49),ROW($A$1:$A49)/($A$1:$A49<>""),$A$1:$A49), {"Monday","Tuesday","Wednesday","Thursday","Friday","Saturday"},0)+1, COLUMN()-1 ) ) & " (" & INDIRECT("TT_"&$B49&"!"& ADDRESS( MATCH(LOOKUP(ROW($A49),ROW($A$1:$A49)/($A$1:$A49<>""),$A$1:$A49), {"Monday","Tuesday","Wednesday","Thursday","Friday","Saturday"},0)+9, COLUMN()-1 ) ) & ")" )} -> VE (NT)
B50: 3b | C50: {=IF( INDIRECT("TT_"&$B50&"!"& ADDRESS( MATCH(LOOKUP(ROW($A50),ROW($A$1:$A50)/($A$1:$A50<>""),$A$1:$A50), {"Monday","Tuesday","Wednesday","Thursday","Friday","Saturday"},0)+1, COLUMN()-1 ) )="","", INDIRECT("TT_"&$B50&"!"& ADDRESS( MATCH(LOOKUP(ROW($A50),ROW($A$1:$A50)/($A$1:$A50<>""),$A$1:$A50), {"Monday","Tuesday","Wednesday","Thursday","Friday","Saturday"},0)+1, COLUMN()-1 ) ) & " (" & INDIRECT("TT_"&$B50&"!"& ADDRESS( MATCH(LOOKUP(ROW($A50),ROW($A$1:$A50)/($A$1:$A50<>""),$A$1:$A50), {"Monday","Tuesday","Wednesday","Thursday","Friday","Saturday"},0)+9, COLUMN()-1 ) ) & ")" )} -> SSt (NT) | D50: {=IF( INDIRECT("TT_"&$B50&"!"& ADDRESS( MATCH(LOOKUP(ROW($A50),ROW($A$1:$A50)/($A$1:$A50<>""),$A$1:$A50), {"Monday","Tuesday","Wednesday","Thursday","Friday","Saturday"},0)+1, COLUMN()-1 ) )="","", INDIRECT("TT_"&$B50&"!"& ADDRESS( MATCH(LOOKUP(ROW($A50),ROW($A$1:$A50)/($A$1:$A50<>""),$A$1:$A50), {"Monday","Tuesday","Wednesday","Thursday","Friday","Saturday"},0)+1, COLUMN()-1 ) ) & " (" & INDIRECT("TT_"&$B50&"!"& ADDRESS( MATCH(LOOKUP(ROW($A50),ROW($A$1:$A50)/($A$1:$A50<>""),$A$1:$A50), {"Monday","Tuesday","Wednesday","Thursday","Friday","Saturday"},0)+9, COLUMN()-1 ) ) & ")" )} -> Science (VR) | E50: {=IF( INDIRECT("TT_"&$B50&"!"& ADDRESS( MATCH(LOOKUP(ROW($A50),ROW($A$1:$A50)/($A$1:$A50<>""),$A$1:$A50), {"Monday","Tuesday","Wednesday","Thursday","Friday","Saturday"},0)+1, COLUMN()-1 ) )="","", INDIRECT("TT_"&$B50&"!"& ADDRESS( MATCH(LOOKUP(ROW($A50),ROW($A$1:$A50)/($A$1:$A50<>""),$A$1:$A50), {"Monday","Tuesday","Wednesday","Thursday","Friday","Saturday"},0)+1, COLUMN()-1 ) ) & " (" & INDIRECT("TT_"&$B50&"!"& ADDRESS( MATCH(LOOKUP(ROW($A50),ROW($A$1:$A50)/($A$1:$A50<>""),$A$1:$A50), {"Monday","Tuesday","Wednesday","Thursday","Friday","Saturday"},0)+9, COLUMN()-1 ) ) & ")" )} -> Music (MG) | F50: {=IF( INDIRECT("TT_"&$B50&"!"& ADDRESS( MATCH(LOOKUP(ROW($A50),ROW($A$1:$A50)/($A$1:$A50<>""),$A$1:$A50), {"Monday","Tuesday","Wednesday","Thursday","Friday","Saturday"},0)+1, COLUMN()-1 ) )="","", INDIRECT("TT_"&$B50&"!"& ADDRESS( MATCH(LOOKUP(ROW($A50),ROW($A$1:$A50)/($A$1:$A50<>""),$A$1:$A50), {"Monday","Tuesday","Wednesday","Thursday","Friday","Saturday"},0)+1, COLUMN()-1 ) ) & " (" & INDIRECT("TT_"&$B50&"!"& ADDRESS( MATCH(LOOKUP(ROW($A50),ROW($A$1:$A50)/($A$1:$A50<>""),$A$1:$A50), {"Monday","Tuesday","Wednesday","Thursday","Friday","Saturday"},0)+9, COLUMN()-1 ) ) & ")" )} -> Computer (NP) | G50: {=IF( INDIRECT("TT_"&$B50&"!"& ADDRESS( MATCH(LOOKUP(ROW($A50),ROW($A$1:$A50)/($A$1:$A50<>""),$A$1:$A50), {"Monday","Tuesday","Wednesday","Thursday","Friday","Saturday"},0)+1, COLUMN()-1 ) )="","", INDIRECT("TT_"&$B50&"!"& ADDRESS( MATCH(LOOKUP(ROW($A50),ROW($A$1:$A50)/($A$1:$A50<>""),$A$1:$A50), {"Monday","Tuesday","Wednesday","Thursday","Friday","Saturday"},0)+1, COLUMN()-1 ) ) & " (" & INDIRECT("TT_"&$B50&"!"& ADDRESS( MATCH(LOOKUP(ROW($A50),ROW($A$1:$A50)/($A$1:$A50<>""),$A$1:$A50), {"Monday","Tuesday","Wednesday","Thursday","Friday","Saturday"},0)+9, COLUMN()-1 ) ) & ")" )} -> SSt (NT) | H50: {=IF( INDIRECT("TT_"&$B50&"!"& ADDRESS( MATCH(LOOKUP(ROW($A50),ROW($A$1:$A50)/($A$1:$A50<>""),$A$1:$A50), {"Monday","Tuesday","Wednesday","Thursday","Friday","Saturday"},0)+1, COLUMN()-1 ) )="","", INDIRECT("TT_"&$B50&"!"& ADDRESS( MATCH(LOOKUP(ROW($A50),ROW($A$1:$A50)/($A$1:$A50<>""),$A$1:$A50), {"Monday","Tuesday","Wednesday","Thursday","Friday","Saturday"},0)+1, COLUMN()-1 ) ) & " (" & INDIRECT("TT_"&$B50&"!"& ADDRESS( MATCH(LOOKUP(ROW($A50),ROW($A$1:$A50)/($A$1:$A50<>""),$A$1:$A50), {"Monday","Tuesday","Wednesday","Thursday","Friday","Saturday"},0)+9, COLUMN()-1 ) ) & ")" )} -> Hindi_Lang (MB) | I50: {=IF( INDIRECT("TT_"&$B50&"!"& ADDRESS( MATCH(LOOKUP(ROW($A50),ROW($A$1:$A50)/($A$1:$A50<>""),$A$1:$A50), {"Monday","Tuesday","Wednesday","Thursday","Friday","Saturday"},0)+1, COLUMN()-1 ) )="","", INDIRECT("TT_"&$B50&"!"& ADDRESS( MATCH(LOOKUP(ROW($A50),ROW($A$1:$A50)/($A$1:$A50<>""),$A$1:$A50), {"Monday","Tuesday","Wednesday","Thursday","Friday","Saturday"},0)+1, COLUMN()-1 ) ) & " (" & INDIRECT("TT_"&$B50&"!"& ADDRESS( MATCH(LOOKUP(ROW($A50),ROW($A$1:$A50)/($A$1:$A50<>""),$A$1:$A50), {"Monday","Tuesday","Wednesday","Thursday","Friday","Saturday"},0)+9, COLUMN()-1 ) ) & ")" )} -> Maths (SU) | J50: {=IF( INDIRECT("TT_"&$B50&"!"& ADDRESS( MATCH(LOOKUP(ROW($A50),ROW($A$1:$A50)/($A$1:$A50<>""),$A$1:$A50), {"Monday","Tuesday","Wednesday","Thursday","Friday","Saturday"},0)+1, COLUMN()-1 ) )="","", INDIRECT("TT_"&$B50&"!"& ADDRESS( MATCH(LOOKUP(ROW($A50),ROW($A$1:$A50)/($A$1:$A50<>""),$A$1:$A50), {"Monday","Tuesday","Wednesday","Thursday","Friday","Saturday"},0)+1, COLUMN()-1 ) ) & " (" & INDIRECT("TT_"&$B50&"!"& ADDRESS( MATCH(LOOKUP(ROW($A50),ROW($A$1:$A50)/($A$1:$A50<>""),$A$1:$A50), {"Monday","Tuesday","Wednesday","Thursday","Friday","Saturday"},0)+9, COLUMN()-1 ) ) & ")" )} -> English_Lit (KB)
B51: 4a | C51: {=IF( INDIRECT("TT_"&$B51&"!"& ADDRESS( MATCH(LOOKUP(ROW($A51),ROW($A$1:$A51)/($A$1:$A51<>""),$A$1:$A51), {"Monday","Tuesday","Wednesday","Thursday","Friday","Saturday"},0)+1, COLUMN()-1 ) )="","", INDIRECT("TT_"&$B51&"!"& ADDRESS( MATCH(LOOKUP(ROW($A51),ROW($A$1:$A51)/($A$1:$A51<>""),$A$1:$A51), {"Monday","Tuesday","Wednesday","Thursday","Friday","Saturday"},0)+1, COLUMN()-1 ) ) & " (" & INDIRECT("TT_"&$B51&"!"& ADDRESS( MATCH(LOOKUP(ROW($A51),ROW($A$1:$A51)/($A$1:$A51<>""),$A$1:$A51), {"Monday","Tuesday","Wednesday","Thursday","Friday","Saturday"},0)+9, COLUMN()-1 ) ) & ")" )} -> Dance (SL) | D51: {=IF( INDIRECT("TT_"&$B51&"!"& ADDRESS( MATCH(LOOKUP(ROW($A51),ROW($A$1:$A51)/($A$1:$A51<>""),$A$1:$A51), {"Monday","Tuesday","Wednesday","Thursday","Friday","Saturday"},0)+1, COLUMN()-1 ) )="","", INDIRECT("TT_"&$B51&"!"& ADDRESS( MATCH(LOOKUP(ROW($A51),ROW($A$1:$A51)/($A$1:$A51<>""),$A$1:$A51), {"Monday","Tuesday","Wednesday","Thursday","Friday","Saturday"},0)+1, COLUMN()-1 ) ) & " (" & INDIRECT("TT_"&$B51&"!"& ADDRESS( MATCH(LOOKUP(ROW($A51),ROW($A$1:$A51)/($A$1:$A51<>""),$A$1:$A51), {"Monday","Tuesday","Wednesday","Thursday","Friday","Saturday"},0)+9, COLUMN()-1 ) ) & ")" )} -> Music (MG) | E51: {=IF( INDIRECT("TT_"&$B51&"!"& ADDRESS( MATCH(LOOKUP(ROW($A51),ROW($A$1:$A51)/($A$1:$A51<>""),$A$1:$A51), {"Monday","Tuesday","Wednesday","Thursday","Friday","Saturday"},0)+1, COLUMN()-1 ) )="","", INDIRECT("TT_"&$B51&"!"& ADDRESS( MATCH(LOOKUP(ROW($A51),ROW($A$1:$A51)/($A$1:$A51<>""),$A$1:$A51), {"Monday","Tuesday","Wednesday","Thursday","Friday","Saturday"},0)+1, COLUMN()-1 ) ) & " (" & INDIRECT("TT_"&$B51&"!"& ADDRESS( MATCH(LOOKUP(ROW($A51),ROW($A$1:$A51)/($A$1:$A51<>""),$A$1:$A51), {"Monday","Tuesday","Wednesday","Thursday","Friday","Saturday"},0)+9, COLUMN()-1 ) ) & ")" )} -> STEM_Junior (NP) | F51: {=IF( INDIRECT("TT_"&$B51&"!"& ADDRESS( MATCH(LOOKUP(ROW($A51),ROW($A$1:$A51)/($A$1:$A51<>""),$A$1:$A51), {"Monday","Tuesday","Wednesday","Thursday","Friday","Saturday"},0)+1, COLUMN()-1 ) )="","", INDIRECT("TT_"&$B51&"!"& ADDRESS( MATCH(LOOKUP(ROW($A51),ROW($A$1:$A51)/($A$1:$A51<>""),$A$1:$A51), {"Monday","Tuesday","Wednesday","Thursday","Friday","Saturday"},0)+1, COLUMN()-1 ) ) & " (" & INDIRECT("TT_"&$B51&"!"& ADDRESS( MATCH(LOOKUP(ROW($A51),ROW($A$1:$A51)/($A$1:$A51<>""),$A$1:$A51), {"Monday","Tuesday","Wednesday","Thursday","Friday","Saturday"},0)+9, COLUMN()-1 ) ) & ")" )} -> Science (VR) | G51: {=IF( INDIRECT("TT_"&$B51&"!"& ADDRESS( MATCH(LOOKUP(ROW($A51),ROW($A$1:$A51)/($A$1:$A51<>""),$A$1:$A51), {"Monday","Tuesday","Wednesday","Thursday","Friday","Saturday"},0)+1, COLUMN()-1 ) )="","", INDIRECT("TT_"&$B51&"!"& ADDRESS( MATCH(LOOKUP(ROW($A51),ROW($A$1:$A51)/($A$1:$A51<>""),$A$1:$A51), {"Monday","Tuesday","Wednesday","Thursday","Friday","Saturday"},0)+1, COLUMN()-1 ) ) & " (" & INDIRECT("TT_"&$B51&"!"& ADDRESS( MATCH(LOOKUP(ROW($A51),ROW($A$1:$A51)/($A$1:$A51<>""),$A$1:$A51), {"Monday","Tuesday","Wednesday","Thursday","Friday","Saturday"},0)+9, COLUMN()-1 ) ) & ")" )} -> English_Lit (AN) | H51: {=IF( INDIRECT("TT_"&$B51&"!"& ADDRESS( MATCH(LOOKUP(ROW($A51),ROW($A$1:$A51)/($A$1:$A51<>""),$A$1:$A51), {"Monday","Tuesday","Wednesday","Thursday","Friday","Saturday"},0)+1, COLUMN()-1 ) )="","", INDIRECT("TT_"&$B51&"!"& ADDRESS( MATCH(LOOKUP(ROW($A51),ROW($A$1:$A51)/($A$1:$A51<>""),$A$1:$A51), {"Monday","Tuesday","Wednesday","Thursday","Friday","Saturday"},0)+1, COLUMN()-1 ) ) & " (" & INDIRECT("TT_"&$B51&"!"& ADDRESS( MATCH(LOOKUP(ROW($A51),ROW($A$1:$A51)/($A$1:$A51<>""),$A$1:$A51), {"Monday","Tuesday","Wednesday","Thursday","Friday","Saturday"},0)+9, COLUMN()-1 ) ) & ")" )} -> Maths (DK) | I51: {=IF( INDIRECT("TT_"&$B51&"!"& ADDRESS( MATCH(LOOKUP(ROW($A51),ROW($A$1:$A51)/($A$1:$A51<>""),$A$1:$A51), {"Monday","Tuesday","Wednesday","Thursday","Friday","Saturday"},0)+1, COLUMN()-1 ) )="","", INDIRECT("TT_"&$B51&"!"& ADDRESS( MATCH(LOOKUP(ROW($A51),ROW($A$1:$A51)/($A$1:$A51<>""),$A$1:$A51), {"Monday","Tuesday","Wednesday","Thursday","Friday","Saturday"},0)+1, COLUMN()-1 ) ) & " (" & INDIRECT("TT_"&$B51&"!"& ADDRESS( MATCH(LOOKUP(ROW($A51),ROW($A$1:$A51)/($A$1:$A51<>""),$A$1:$A51), {"Monday","Tuesday","Wednesday","Thursday","Friday","Saturday"},0)+9, COLUMN()-1 ) ) & ")" )} -> SSt (NT) | J51: {=IF( INDIRECT("TT_"&$B51&"!"& ADDRESS( MATCH(LOOKUP(ROW($A51),ROW($A$1:$A51)/($A$1:$A51<>""),$A$1:$A51), {"Monday","Tuesday","Wednesday","Thursday","Friday","Saturday"},0)+1, COLUMN()-1 ) )="","", INDIRECT("TT_"&$B51&"!"& ADDRESS( MATCH(LOOKUP(ROW($A51),ROW($A$1:$A51)/($A$1:$A51<>""),$A$1:$A51), {"Monday","Tuesday","Wednesday","Thursday","Friday","Saturday"},0)+1, COLUMN()-1 ) ) & " (" & INDIRECT("TT_"&$B51&"!"& ADDRESS( MATCH(LOOKUP(ROW($A51),ROW($A$1:$A51)/($A$1:$A51<>""),$A$1:$A51), {"Monday","Tuesday","Wednesday","Thursday","Friday","Saturday"},0)+9, COLUMN()-1 ) ) & ")" )} -> Hindi_Lit (MB)
B52: 4b | C52: {=IF( INDIRECT("TT_"&$B52&"!"& ADDRESS( MATCH(LOOKUP(ROW($A52),ROW($A$1:$A52)/($A$1:$A52<>""),$A$1:$A52), {"Monday","Tuesday","Wednesday","Thursday","Friday","Saturday"},0)+1, COLUMN()-1 ) )="","", INDIRECT("TT_"&$B52&"!"& ADDRESS( MATCH(LOOKUP(ROW($A52),ROW($A$1:$A52)/($A$1:$A52<>""),$A$1:$A52), {"Monday","Tuesday","Wednesday","Thursday","Friday","Saturday"},0)+1, COLUMN()-1 ) ) & " (" & INDIRECT("TT_"&$B52&"!"& ADDRESS( MATCH(LOOKUP(ROW($A52),ROW($A$1:$A52)/($A$1:$A52<>""),$A$1:$A52), {"Monday","Tuesday","Wednesday","Thursday","Friday","Saturday"},0)+9, COLUMN()-1 ) ) & ")" )} -> English_Lang (KB) | D52: {=IF( INDIRECT("TT_"&$B52&"!"& ADDRESS( MATCH(LOOKUP(ROW($A52),ROW($A$1:$A52)/($A$1:$A52<>""),$A$1:$A52), {"Monday","Tuesday","Wednesday","Thursday","Friday","Saturday"},0)+1, COLUMN()-1 ) )="","", INDIRECT("TT_"&$B52&"!"& ADDRESS( MATCH(LOOKUP(ROW($A52),ROW($A$1:$A52)/($A$1:$A52<>""),$A$1:$A52), {"Monday","Tuesday","Wednesday","Thursday","Friday","Saturday"},0)+1, COLUMN()-1 ) ) & " (" & INDIRECT("TT_"&$B52&"!"& ADDRESS( MATCH(LOOKUP(ROW($A52),ROW($A$1:$A52)/($A$1:$A52<>""),$A$1:$A52), {"Monday","Tuesday","Wednesday","Thursday","Friday","Saturday"},0)+9, COLUMN()-1 ) ) & ")" )} -> Hindi_Lit (MB) | E52: {=IF( INDIRECT("TT_"&$B52&"!"& ADDRESS( MATCH(LOOKUP(ROW($A52),ROW($A$1:$A52)/($A$1:$A52<>""),$A$1:$A52), {"Monday","Tuesday","Wednesday","Thursday","Friday","Saturday"},0)+1, COLUMN()-1 ) )="","", INDIRECT("TT_"&$B52&"!"& ADDRESS( MATCH(LOOKUP(ROW($A52),ROW($A$1:$A52)/($A$1:$A52<>""),$A$1:$A52), {"Monday","Tuesday","Wednesday","Thursday","Friday","Saturday"},0)+1, COLUMN()-1 ) ) & " (" & INDIRECT("TT_"&$B52&"!"& ADDRESS( MATCH(LOOKUP(ROW($A52),ROW($A$1:$A52)/($A$1:$A52<>""),$A$1:$A52), {"Monday","Tuesday","Wednesday","Thursday","Friday","Saturday"},0)+9, COLUMN()-1 ) ) & ")" )} -> SSt (NT) | F52: {=IF( INDIRECT("TT_"&$B52&"!"& ADDRESS( MATCH(LOOKUP(ROW($A52),ROW($A$1:$A52)/($A$1:$A52<>""),$A$1:$A52), {"Monday","Tuesday","Wednesday","Thursday","Friday","Saturday"},0)+1, COLUMN()-1 ) )="","", INDIRECT("TT_"&$B52&"!"& ADDRESS( MATCH(LOOKUP(ROW($A52),ROW($A$1:$A52)/($A$1:$A52<>""),$A$1:$A52), {"Monday","Tuesday","Wednesday","Thursday","Friday","Saturday"},0)+1, COLUMN()-1 ) ) & " (" & INDIRECT("TT_"&$B52&"!"& ADDRESS( MATCH(LOOKUP(ROW($A52),ROW($A$1:$A52)/($A$1:$A52<>""),$A$1:$A52), {"Monday","Tuesday","Wednesday","Thursday","Friday","Saturday"},0)+9, COLUMN()-1 ) ) & ")" )} -> Games (SZ) | G52: {=IF( INDIRECT("TT_"&$B52&"!"& ADDRESS( MATCH(LOOKUP(ROW($A52),ROW($A$1:$A52)/($A$1:$A52<>""),$A$1:$A52), {"Monday","Tuesday","Wednesday","Thursday","Friday","Saturday"},0)+1, COLUMN()-1 ) )="","", INDIRECT("TT_"&$B52&"!"& ADDRESS( MATCH(LOOKUP(ROW($A52),ROW($A$1:$A52)/($A$1:$A52<>""),$A$1:$A52), {"Monday","Tuesday","Wednesday","Thursday","Friday","Saturday"},0)+1, COLUMN()-1 ) ) & " (" & INDIRECT("TT_"&$B52&"!"& ADDRESS( MATCH(LOOKUP(ROW($A52),ROW($A$1:$A52)/($A$1:$A52<>""),$A$1:$A52), {"Monday","Tuesday","Wednesday","Thursday","Friday","Saturday"},0)+9, COLUMN()-1 ) ) & ")" )} -> Maths (DK) | H52: {=IF( INDIRECT("TT_"&$B52&"!"& ADDRESS( MATCH(LOOKUP(ROW($A52),ROW($A$1:$A52)/($A$1:$A52<>""),$A$1:$A52), {"Monday","Tuesday","Wednesday","Thursday","Friday","Saturday"},0)+1, COLUMN()-1 ) )="","", INDIRECT("TT_"&$B52&"!"& ADDRESS( MATCH(LOOKUP(ROW($A52),ROW($A$1:$A52)/($A$1:$A52<>""),$A$1:$A52), {"Monday","Tuesday","Wednesday","Thursday","Friday","Saturday"},0)+1, COLUMN()-1 ) ) & " (" & INDIRECT("TT_"&$B52&"!"& ADDRESS( MATCH(LOOKUP(ROW($A52),ROW($A$1:$A52)/($A$1:$A52<>""),$A$1:$A52), {"Monday","Tuesday","Wednesday","Thursday","Friday","Saturday"},0)+9, COLUMN()-1 ) ) & ")" )} -> Library (SP) | I52: {=IF( INDIRECT("TT_"&$B52&"!"& ADDRESS( MATCH(LOOKUP(ROW($A52),ROW($A$1:$A52)/($A$1:$A52<>""),$A$1:$A52), {"Monday","Tuesday","Wednesday","Thursday","Friday","Saturday"},0)+1, COLUMN()-1 ) )="","", INDIRECT("TT_"&$B52&"!"& ADDRESS( MATCH(LOOKUP(ROW($A52),ROW($A$1:$A52)/($A$1:$A52<>""),$A$1:$A52), {"Monday","Tuesday","Wednesday","Thursday","Friday","Saturday"},0)+1, COLUMN()-1 ) ) & " (" & INDIRECT("TT_"&$B52&"!"& ADDRESS( MATCH(LOOKUP(ROW($A52),ROW($A$1:$A52)/($A$1:$A52<>""),$A$1:$A52), {"Monday","Tuesday","Wednesday","Thursday","Friday","Saturday"},0)+9, COLUMN()-1 ) ) & ")" )} -> English_Lit (KB) | J52: {=IF( INDIRECT("TT_"&$B52&"!"& ADDRESS( MATCH(LOOKUP(ROW($A52),ROW($A$1:$A52)/($A$1:$A52<>""),$A$1:$A52), {"Monday","Tuesday","Wednesday","Thursday","Friday","Saturday"},0)+1, COLUMN()-1 ) )="","", INDIRECT("TT_"&$B52&"!"& ADDRESS( MATCH(LOOKUP(ROW($A52),ROW($A$1:$A52)/($A$1:$A52<>""),$A$1:$A52), {"Monday","Tuesday","Wednesday","Thursday","Friday","Saturday"},0)+1, COLUMN()-1 ) ) & " (" & INDIRECT("TT_"&$B52&"!"& ADDRESS( MATCH(LOOKUP(ROW($A52),ROW($A$1:$A52)/($A$1:$A52<>""),$A$1:$A52), {"Monday","Tuesday","Wednesday","Thursday","Friday","Saturday"},0)+9, COLUMN()-1 ) ) & ")" )} -> Science (VR)
B53: 5a | C53: {=IF( INDIRECT("TT_"&$B53&"!"& ADDRESS( MATCH(LOOKUP(ROW($A53),ROW($A$1:$A53)/($A$1:$A53<>""),$A$1:$A53), {"Monday","Tuesday","Wednesday","Thursday","Friday","Saturday"},0)+1, COLUMN()-1 ) )="","", INDIRECT("TT_"&$B53&"!"& ADDRESS( MATCH(LOOKUP(ROW($A53),ROW($A$1:$A53)/($A$1:$A53<>""),$A$1:$A53), {"Monday","Tuesday","Wednesday","Thursday","Friday","Saturday"},0)+1, COLUMN()-1 ) ) & " (" & INDIRECT("TT_"&$B53&"!"& ADDRESS( MATCH(LOOKUP(ROW($A53),ROW($A$1:$A53)/($A$1:$A53<>""),$A$1:$A53), {"Monday","Tuesday","Wednesday","Thursday","Friday","Saturday"},0)+9, COLUMN()-1 ) ) & ")" )} -> Hindi_Lit (MB) | D53: {=IF( INDIRECT("TT_"&$B53&"!"& ADDRESS( MATCH(LOOKUP(ROW($A53),ROW($A$1:$A53)/($A$1:$A53<>""),$A$1:$A53), {"Monday","Tuesday","Wednesday","Thursday","Friday","Saturday"},0)+1, COLUMN()-1 ) )="","", INDIRECT("TT_"&$B53&"!"& ADDRESS( MATCH(LOOKUP(ROW($A53),ROW($A$1:$A53)/($A$1:$A53<>""),$A$1:$A53), {"Monday","Tuesday","Wednesday","Thursday","Friday","Saturday"},0)+1, COLUMN()-1 ) ) & " (" & INDIRECT("TT_"&$B53&"!"& ADDRESS( MATCH(LOOKUP(ROW($A53),ROW($A$1:$A53)/($A$1:$A53<>""),$A$1:$A53), {"Monday","Tuesday","Wednesday","Thursday","Friday","Saturday"},0)+9, COLUMN()-1 ) ) & ")" )} -> English_Lit (KB) | E53: {=IF( INDIRECT("TT_"&$B53&"!"& ADDRESS( MATCH(LOOKUP(ROW($A53),ROW($A$1:$A53)/($A$1:$A53<>""),$A$1:$A53), {"Monday","Tuesday","Wednesday","Thursday","Friday","Saturday"},0)+1, COLUMN()-1 ) )="","", INDIRECT("TT_"&$B53&"!"& ADDRESS( MATCH(LOOKUP(ROW($A53),ROW($A$1:$A53)/($A$1:$A53<>""),$A$1:$A53), {"Monday","Tuesday","Wednesday","Thursday","Friday","Saturday"},0)+1, COLUMN()-1 ) ) & " (" & INDIRECT("TT_"&$B53&"!"& ADDRESS( MATCH(LOOKUP(ROW($A53),ROW($A$1:$A53)/($A$1:$A53<>""),$A$1:$A53), {"Monday","Tuesday","Wednesday","Thursday","Friday","Saturday"},0)+9, COLUMN()-1 ) ) & ")" )} -> Science (VR) | F53: {=IF( INDIRECT("TT_"&$B53&"!"& ADDRESS( MATCH(LOOKUP(ROW($A53),ROW($A$1:$A53)/($A$1:$A53<>""),$A$1:$A53), {"Monday","Tuesday","Wednesday","Thursday","Friday","Saturday"},0)+1, COLUMN()-1 ) )="","", INDIRECT("TT_"&$B53&"!"& ADDRESS( MATCH(LOOKUP(ROW($A53),ROW($A$1:$A53)/($A$1:$A53<>""),$A$1:$A53), {"Monday","Tuesday","Wednesday","Thursday","Friday","Saturday"},0)+1, COLUMN()-1 ) ) & " (" & INDIRECT("TT_"&$B53&"!"& ADDRESS( MATCH(LOOKUP(ROW($A53),ROW($A$1:$A53)/($A$1:$A53<>""),$A$1:$A53), {"Monday","Tuesday","Wednesday","Thursday","Friday","Saturday"},0)+9, COLUMN()-1 ) ) & ")" )} -> Music (MG) | G53: {=IF( INDIRECT("TT_"&$B53&"!"& ADDRESS( MATCH(LOOKUP(ROW($A53),ROW($A$1:$A53)/($A$1:$A53<>""),$A$1:$A53), {"Monday","Tuesday","Wednesday","Thursday","Friday","Saturday"},0)+1, COLUMN()-1 ) )="","", INDIRECT("TT_"&$B53&"!"& ADDRESS( MATCH(LOOKUP(ROW($A53),ROW($A$1:$A53)/($A$1:$A53<>""),$A$1:$A53), {"Monday","Tuesday","Wednesday","Thursday","Friday","Saturday"},0)+1, COLUMN()-1 ) ) & " (" & INDIRECT("TT_"&$B53&"!"& ADDRESS( MATCH(LOOKUP(ROW($A53),ROW($A$1:$A53)/($A$1:$A53<>""),$A$1:$A53), {"Monday","Tuesday","Wednesday","Thursday","Friday","Saturday"},0)+9, COLUMN()-1 ) ) & ")" )} -> VE (KB) | H53: {=IF( INDIRECT("TT_"&$B53&"!"& ADDRESS( MATCH(LOOKUP(ROW($A53),ROW($A$1:$A53)/($A$1:$A53<>""),$A$1:$A53), {"Monday","Tuesday","Wednesday","Thursday","Friday","Saturday"},0)+1, COLUMN()-1 ) )="","", INDIRECT("TT_"&$B53&"!"& ADDRESS( MATCH(LOOKUP(ROW($A53),ROW($A$1:$A53)/($A$1:$A53<>""),$A$1:$A53), {"Monday","Tuesday","Wednesday","Thursday","Friday","Saturday"},0)+1, COLUMN()-1 ) ) & " (" & INDIRECT("TT_"&$B53&"!"& ADDRESS( MATCH(LOOKUP(ROW($A53),ROW($A$1:$A53)/($A$1:$A53<>""),$A$1:$A53), {"Monday","Tuesday","Wednesday","Thursday","Friday","Saturday"},0)+9, COLUMN()-1 ) ) & ")" )} -> Dance (SL) | I53: {=IF( INDIRECT("TT_"&$B53&"!"& ADDRESS( MATCH(LOOKUP(ROW($A53),ROW($A$1:$A53)/($A$1:$A53<>""),$A$1:$A53), {"Monday","Tuesday","Wednesday","Thursday","Friday","Saturday"},0)+1, COLUMN()-1 ) )="","", INDIRECT("TT_"&$B53&"!"& ADDRESS( MATCH(LOOKUP(ROW($A53),ROW($A$1:$A53)/($A$1:$A53<>""),$A$1:$A53), {"Monday","Tuesday","Wednesday","Thursday","Friday","Saturday"},0)+1, COLUMN()-1 ) ) & " (" & INDIRECT("TT_"&$B53&"!"& ADDRESS( MATCH(LOOKUP(ROW($A53),ROW($A$1:$A53)/($A$1:$A53<>""),$A$1:$A53), {"Monday","Tuesday","Wednesday","Thursday","Friday","Saturday"},0)+9, COLUMN()-1 ) ) & ")" )} -> Maths (NG) | J53: {=IF( INDIRECT("TT_"&$B53&"!"& ADDRESS( MATCH(LOOKUP(ROW($A53),ROW($A$1:$A53)/($A$1:$A53<>""),$A$1:$A53), {"Monday","Tuesday","Wednesday","Thursday","Friday","Saturday"},0)+1, COLUMN()-1 ) )="","", INDIRECT("TT_"&$B53&"!"& ADDRESS( MATCH(LOOKUP(ROW($A53),ROW($A$1:$A53)/($A$1:$A53<>""),$A$1:$A53), {"Monday","Tuesday","Wednesday","Thursday","Friday","Saturday"},0)+1, COLUMN()-1 ) ) & " (" & INDIRECT("TT_"&$B53&"!"& ADDRESS( MATCH(LOOKUP(ROW($A53),ROW($A$1:$A53)/($A$1:$A53<>""),$A$1:$A53), {"Monday","Tuesday","Wednesday","Thursday","Friday","Saturday"},0)+9, COLUMN()-1 ) ) & ")" )} -> Games (SZ)
B54: 5b | C54: {=IF( INDIRECT("TT_"&$B54&"!"& ADDRESS( MATCH(LOOKUP(ROW($A54),ROW($A$1:$A54)/($A$1:$A54<>""),$A$1:$A54), {"Monday","Tuesday","Wednesday","Thursday","Friday","Saturday"},0)+1, COLUMN()-1 ) )="","", INDIRECT("TT_"&$B54&"!"& ADDRESS( MATCH(LOOKUP(ROW($A54),ROW($A$1:$A54)/($A$1:$A54<>""),$A$1:$A54), {"Monday","Tuesday","Wednesday","Thursday","Friday","Saturday"},0)+1, COLUMN()-1 ) ) & " (" & INDIRECT("TT_"&$B54&"!"& ADDRESS( MATCH(LOOKUP(ROW($A54),ROW($A$1:$A54)/($A$1:$A54<>""),$A$1:$A54), {"Monday","Tuesday","Wednesday","Thursday","Friday","Saturday"},0)+9, COLUMN()-1 ) ) & ")" )} -> Library (SP) | D54: {=IF( INDIRECT("TT_"&$B54&"!"& ADDRESS( MATCH(LOOKUP(ROW($A54),ROW($A$1:$A54)/($A$1:$A54<>""),$A$1:$A54), {"Monday","Tuesday","Wednesday","Thursday","Friday","Saturday"},0)+1, COLUMN()-1 ) )="","", INDIRECT("TT_"&$B54&"!"& ADDRESS( MATCH(LOOKUP(ROW($A54),ROW($A$1:$A54)/($A$1:$A54<>""),$A$1:$A54), {"Monday","Tuesday","Wednesday","Thursday","Friday","Saturday"},0)+1, COLUMN()-1 ) ) & " (" & INDIRECT("TT_"&$B54&"!"& ADDRESS( MATCH(LOOKUP(ROW($A54),ROW($A$1:$A54)/($A$1:$A54<>""),$A$1:$A54), {"Monday","Tuesday","Wednesday","Thursday","Friday","Saturday"},0)+9, COLUMN()-1 ) ) & ")" )} -> Dance (SL) | E54: {=IF( INDIRECT("TT_"&$B54&"!"& ADDRESS( MATCH(LOOKUP(ROW($A54),ROW($A$1:$A54)/($A$1:$A54<>""),$A$1:$A54), {"Monday","Tuesday","Wednesday","Thursday","Friday","Saturday"},0)+1, COLUMN()-1 ) )="","", INDIRECT("TT_"&$B54&"!"& ADDRESS( MATCH(LOOKUP(ROW($A54),ROW($A$1:$A54)/($A$1:$A54<>""),$A$1:$A54), {"Monday","Tuesday","Wednesday","Thursday","Friday","Saturday"},0)+1, COLUMN()-1 ) ) & " (" & INDIRECT("TT_"&$B54&"!"& ADDRESS( MATCH(LOOKUP(ROW($A54),ROW($A$1:$A54)/($A$1:$A54<>""),$A$1:$A54), {"Monday","Tuesday","Wednesday","Thursday","Friday","Saturday"},0)+9, COLUMN()-1 ) ) & ")" )} -> Science (SB) | F54: {=IF( INDIRECT("TT_"&$B54&"!"& ADDRESS( MATCH(LOOKUP(ROW($A54),ROW($A$1:$A54)/($A$1:$A54<>""),$A$1:$A54), {"Monday","Tuesday","Wednesday","Thursday","Friday","Saturday"},0)+1, COLUMN()-1 ) )="","", INDIRECT("TT_"&$B54&"!"& ADDRESS( MATCH(LOOKUP(ROW($A54),ROW($A$1:$A54)/($A$1:$A54<>""),$A$1:$A54), {"Monday","Tuesday","Wednesday","Thursday","Friday","Saturday"},0)+1, COLUMN()-1 ) ) & " (" & INDIRECT("TT_"&$B54&"!"& ADDRESS( MATCH(LOOKUP(ROW($A54),ROW($A$1:$A54)/($A$1:$A54<>""),$A$1:$A54), {"Monday","Tuesday","Wednesday","Thursday","Friday","Saturday"},0)+9, COLUMN()-1 ) ) & ")" )} -> SSt (PR) | G54: {=IF( INDIRECT("TT_"&$B54&"!"& ADDRESS( MATCH(LOOKUP(ROW($A54),ROW($A$1:$A54)/($A$1:$A54<>""),$A$1:$A54), {"Monday","Tuesday","Wednesday","Thursday","Friday","Saturday"},0)+1, COLUMN()-1 ) )="","", INDIRECT("TT_"&$B54&"!"& ADDRESS( MATCH(LOOKUP(ROW($A54),ROW($A$1:$A54)/($A$1:$A54<>""),$A$1:$A54), {"Monday","Tuesday","Wednesday","Thursday","Friday","Saturday"},0)+1, COLUMN()-1 ) ) & " (" & INDIRECT("TT_"&$B54&"!"& ADDRESS( MATCH(LOOKUP(ROW($A54),ROW($A$1:$A54)/($A$1:$A54<>""),$A$1:$A54), {"Monday","Tuesday","Wednesday","Thursday","Friday","Saturday"},0)+9, COLUMN()-1 ) ) & ")" )} -> Games (SZ) | H54: {=IF( INDIRECT("TT_"&$B54&"!"& ADDRESS( MATCH(LOOKUP(ROW($A54),ROW($A$1:$A54)/($A$1:$A54<>""),$A$1:$A54), {"Monday","Tuesday","Wednesday","Thursday","Friday","Saturday"},0)+1, COLUMN()-1 ) )="","", INDIRECT("TT_"&$B54&"!"& ADDRESS( MATCH(LOOKUP(ROW($A54),ROW($A$1:$A54)/($A$1:$A54<>""),$A$1:$A54), {"Monday","Tuesday","Wednesday","Thursday","Friday","Saturday"},0)+1, COLUMN()-1 ) ) & " (" & INDIRECT("TT_"&$B54&"!"& ADDRESS( MATCH(LOOKUP(ROW($A54),ROW($A$1:$A54)/($A$1:$A54<>""),$A$1:$A54), {"Monday","Tuesday","Wednesday","Thursday","Friday","Saturday"},0)+9, COLUMN()-1 ) ) & ")" )} -> English_Lang (KB) | I54: {=IF( INDIRECT("TT_"&$B54&"!"& ADDRESS( MATCH(LOOKUP(ROW($A54),ROW($A$1:$A54)/($A$1:$A54<>""),$A$1:$A54), {"Monday","Tuesday","Wednesday","Thursday","Friday","Saturday"},0)+1, COLUMN()-1 ) )="","", INDIRECT("TT_"&$B54&"!"& ADDRESS( MATCH(LOOKUP(ROW($A54),ROW($A$1:$A54)/($A$1:$A54<>""),$A$1:$A54), {"Monday","Tuesday","Wednesday","Thursday","Friday","Saturday"},0)+1, COLUMN()-1 ) ) & " (" & INDIRECT("TT_"&$B54&"!"& ADDRESS( MATCH(LOOKUP(ROW($A54),ROW($A$1:$A54)/($A$1:$A54<>""),$A$1:$A54), {"Monday","Tuesday","Wednesday","Thursday","Friday","Saturday"},0)+9, COLUMN()-1 ) ) & ")" )} -> Hindi_Lit (MB) | J54: {=IF( INDIRECT("TT_"&$B54&"!"& ADDRESS( MATCH(LOOKUP(ROW($A54),ROW($A$1:$A54)/($A$1:$A54<>""),$A$1:$A54), {"Monday","Tuesday","Wednesday","Thursday","Friday","Saturday"},0)+1, COLUMN()-1 ) )="","", INDIRECT("TT_"&$B54&"!"& ADDRESS( MATCH(LOOKUP(ROW($A54),ROW($A$1:$A54)/($A$1:$A54<>""),$A$1:$A54), {"Monday","Tuesday","Wednesday","Thursday","Friday","Saturday"},0)+1, COLUMN()-1 ) ) & " (" & INDIRECT("TT_"&$B54&"!"& ADDRESS( MATCH(LOOKUP(ROW($A54),ROW($A$1:$A54)/($A$1:$A54<>""),$A$1:$A54), {"Monday","Tuesday","Wednesday","Thursday","Friday","Saturday"},0)+9, COLUMN()-1 ) ) & ")" )} -> Maths (NG)
B55: 6a | C55: {=IF( INDIRECT("TT_"&$B55&"!"& ADDRESS( MATCH(LOOKUP(ROW($A55),ROW($A$1:$A55)/($A$1:$A55<>""),$A$1:$A55), {"Monday","Tuesday","Wednesday","Thursday","Friday","Saturday"},0)+1, COLUMN()-1 ) )="","", INDIRECT("TT_"&$B55&"!"& ADDRESS( MATCH(LOOKUP(ROW($A55),ROW($A$1:$A55)/($A$1:$A55<>""),$A$1:$A55), {"Monday","Tuesday","Wednesday","Thursday","Friday","Saturday"},0)+1, COLUMN()-1 ) ) & " (" & INDIRECT("TT_"&$B55&"!"& ADDRESS( MATCH(LOOKUP(ROW($A55),ROW($A$1:$A55)/($A$1:$A55<>""),$A$1:$A55), {"Monday","Tuesday","Wednesday","Thursday","Friday","Saturday"},0)+9, COLUMN()-1 ) ) & ")" )} -> English_Lit (RD) | D55: {=IF( INDIRECT("TT_"&$B55&"!"& ADDRESS( MATCH(LOOKUP(ROW($A55),ROW($A$1:$A55)/($A$1:$A55<>""),$A$1:$A55), {"Monday","Tuesday","Wednesday","Thursday","Friday","Saturday"},0)+1, COLUMN()-1 ) )="","", INDIRECT("TT_"&$B55&"!"& ADDRESS( MATCH(LOOKUP(ROW($A55),ROW($A$1:$A55)/($A$1:$A55<>""),$A$1:$A55), {"Monday","Tuesday","Wednesday","Thursday","Friday","Saturday"},0)+1, COLUMN()-1 ) ) & " (" & INDIRECT("TT_"&$B55&"!"& ADDRESS( MATCH(LOOKUP(ROW($A55),ROW($A$1:$A55)/($A$1:$A55<>""),$A$1:$A55), {"Monday","Tuesday","Wednesday","Thursday","Friday","Saturday"},0)+9, COLUMN()-1 ) ) & ")" )} -> SST (PR) | E55: {=IF( INDIRECT("TT_"&$B55&"!"& ADDRESS( MATCH(LOOKUP(ROW($A55),ROW($A$1:$A55)/($A$1:$A55<>""),$A$1:$A55), {"Monday","Tuesday","Wednesday","Thursday","Friday","Saturday"},0)+1, COLUMN()-1 ) )="","", INDIRECT("TT_"&$B55&"!"& ADDRESS( MATCH(LOOKUP(ROW($A55),ROW($A$1:$A55)/($A$1:$A55<>""),$A$1:$A55), {"Monday","Tuesday","Wednesday","Thursday","Friday","Saturday"},0)+1, COLUMN()-1 ) ) & " (" & INDIRECT("TT_"&$B55&"!"& ADDRESS( MATCH(LOOKUP(ROW($A55),ROW($A$1:$A55)/($A$1:$A55<>""),$A$1:$A55), {"Monday","Tuesday","Wednesday","Thursday","Friday","Saturday"},0)+9, COLUMN()-1 ) ) & ")" )} -> Maths (NG) | F55: {=IF( INDIRECT("TT_"&$B55&"!"& ADDRESS( MATCH(LOOKUP(ROW($A55),ROW($A$1:$A55)/($A$1:$A55<>""),$A$1:$A55), {"Monday","Tuesday","Wednesday","Thursday","Friday","Saturday"},0)+1, COLUMN()-1 ) )="","", INDIRECT("TT_"&$B55&"!"& ADDRESS( MATCH(LOOKUP(ROW($A55),ROW($A$1:$A55)/($A$1:$A55<>""),$A$1:$A55), {"Monday","Tuesday","Wednesday","Thursday","Friday","Saturday"},0)+1, COLUMN()-1 ) ) & " (" & INDIRECT("TT_"&$B55&"!"& ADDRESS( MATCH(LOOKUP(ROW($A55),ROW($A$1:$A55)/($A$1:$A55<>""),$A$1:$A55), {"Monday","Tuesday","Wednesday","Thursday","Friday","Saturday"},0)+9, COLUMN()-1 ) ) & ")" )} -> Science (SB) | G55: {=IF( INDIRECT("TT_"&$B55&"!"& ADDRESS( MATCH(LOOKUP(ROW($A55),ROW($A$1:$A55)/($A$1:$A55<>""),$A$1:$A55), {"Monday","Tuesday","Wednesday","Thursday","Friday","Saturday"},0)+1, COLUMN()-1 ) )="","", INDIRECT("TT_"&$B55&"!"& ADDRESS( MATCH(LOOKUP(ROW($A55),ROW($A$1:$A55)/($A$1:$A55<>""),$A$1:$A55), {"Monday","Tuesday","Wednesday","Thursday","Friday","Saturday"},0)+1, COLUMN()-1 ) ) & " (" & INDIRECT("TT_"&$B55&"!"& ADDRESS( MATCH(LOOKUP(ROW($A55),ROW($A$1:$A55)/($A$1:$A55<>""),$A$1:$A55), {"Monday","Tuesday","Wednesday","Thursday","Friday","Saturday"},0)+9, COLUMN()-1 ) ) & ")" )} -> Computer (GA) | H55: {=IF( INDIRECT("TT_"&$B55&"!"& ADDRESS( MATCH(LOOKUP(ROW($A55),ROW($A$1:$A55)/($A$1:$A55<>""),$A$1:$A55), {"Monday","Tuesday","Wednesday","Thursday","Friday","Saturday"},0)+1, COLUMN()-1 ) )="","", INDIRECT("TT_"&$B55&"!"& ADDRESS( MATCH(LOOKUP(ROW($A55),ROW($A$1:$A55)/($A$1:$A55<>""),$A$1:$A55), {"Monday","Tuesday","Wednesday","Thursday","Friday","Saturday"},0)+1, COLUMN()-1 ) ) & " (" & INDIRECT("TT_"&$B55&"!"& ADDRESS( MATCH(LOOKUP(ROW($A55),ROW($A$1:$A55)/($A$1:$A55<>""),$A$1:$A55), {"Monday","Tuesday","Wednesday","Thursday","Friday","Saturday"},0)+9, COLUMN()-1 ) ) & ")" )} -> Music (MG) | I55: {=IF( INDIRECT("TT_"&$B55&"!"& ADDRESS( MATCH(LOOKUP(ROW($A55),ROW($A$1:$A55)/($A$1:$A55<>""),$A$1:$A55), {"Monday","Tuesday","Wednesday","Thursday","Friday","Saturday"},0)+1, COLUMN()-1 ) )="","", INDIRECT("TT_"&$B55&"!"& ADDRESS( MATCH(LOOKUP(ROW($A55),ROW($A$1:$A55)/($A$1:$A55<>""),$A$1:$A55), {"Monday","Tuesday","Wednesday","Thursday","Friday","Saturday"},0)+1, COLUMN()-1 ) ) & " (" & INDIRECT("TT_"&$B55&"!"& ADDRESS( MATCH(LOOKUP(ROW($A55),ROW($A$1:$A55)/($A$1:$A55<>""),$A$1:$A55), {"Monday","Tuesday","Wednesday","Thursday","Friday","Saturday"},0)+9, COLUMN()-1 ) ) & ")" )} -> Hindi_Lit (SH) | J55: {=IF( INDIRECT("TT_"&$B55&"!"& ADDRESS( MATCH(LOOKUP(ROW($A55),ROW($A$1:$A55)/($A$1:$A55<>""),$A$1:$A55), {"Monday","Tuesday","Wednesday","Thursday","Friday","Saturday"},0)+1, COLUMN()-1 ) )="","", INDIRECT("TT_"&$B55&"!"& ADDRESS( MATCH(LOOKUP(ROW($A55),ROW($A$1:$A55)/($A$1:$A55<>""),$A$1:$A55), {"Monday","Tuesday","Wednesday","Thursday","Friday","Saturday"},0)+1, COLUMN()-1 ) ) & " (" & INDIRECT("TT_"&$B55&"!"& ADDRESS( MATCH(LOOKUP(ROW($A55),ROW($A$1:$A55)/($A$1:$A55<>""),$A$1:$A55), {"Monday","Tuesday","Wednesday","Thursday","Friday","Saturday"},0)+9, COLUMN()-1 ) ) & ")" )} -> Science (SB)
B56: 6b | C56: {=IF( INDIRECT("TT_"&$B56&"!"& ADDRESS( MATCH(LOOKUP(ROW($A56),ROW($A$1:$A56)/($A$1:$A56<>""),$A$1:$A56), {"Monday","Tuesday","Wednesday","Thursday","Friday","Saturday"},0)+1, COLUMN()-1 ) )="","", INDIRECT("TT_"&$B56&"!"& ADDRESS( MATCH(LOOKUP(ROW($A56),ROW($A$1:$A56)/($A$1:$A56<>""),$A$1:$A56), {"Monday","Tuesday","Wednesday","Thursday","Friday","Saturday"},0)+1, COLUMN()-1 ) ) & " (" & INDIRECT("TT_"&$B56&"!"& ADDRESS( MATCH(LOOKUP(ROW($A56),ROW($A$1:$A56)/($A$1:$A56<>""),$A$1:$A56), {"Monday","Tuesday","Wednesday","Thursday","Friday","Saturday"},0)+9, COLUMN()-1 ) ) & ")" )} -> Hindi_Lit (MS) | D56: {=IF( INDIRECT("TT_"&$B56&"!"& ADDRESS( MATCH(LOOKUP(ROW($A56),ROW($A$1:$A56)/($A$1:$A56<>""),$A$1:$A56), {"Monday","Tuesday","Wednesday","Thursday","Friday","Saturday"},0)+1, COLUMN()-1 ) )="","", INDIRECT("TT_"&$B56&"!"& ADDRESS( MATCH(LOOKUP(ROW($A56),ROW($A$1:$A56)/($A$1:$A56<>""),$A$1:$A56), {"Monday","Tuesday","Wednesday","Thursday","Friday","Saturday"},0)+1, COLUMN()-1 ) ) & " (" & INDIRECT("TT_"&$B56&"!"& ADDRESS( MATCH(LOOKUP(ROW($A56),ROW($A$1:$A56)/($A$1:$A56<>""),$A$1:$A56), {"Monday","Tuesday","Wednesday","Thursday","Friday","Saturday"},0)+9, COLUMN()-1 ) ) & ")" )} -> English_Lit (RD) | E56: {=IF( INDIRECT("TT_"&$B56&"!"& ADDRESS( MATCH(LOOKUP(ROW($A56),ROW($A$1:$A56)/($A$1:$A56<>""),$A$1:$A56), {"Monday","Tuesday","Wednesday","Thursday","Friday","Saturday"},0)+1, COLUMN()-1 ) )="","", INDIRECT("TT_"&$B56&"!"& ADDRESS( MATCH(LOOKUP(ROW($A56),ROW($A$1:$A56)/($A$1:$A56<>""),$A$1:$A56), {"Monday","Tuesday","Wednesday","Thursday","Friday","Saturday"},0)+1, COLUMN()-1 ) ) & " (" & INDIRECT("TT_"&$B56&"!"& ADDRESS( MATCH(LOOKUP(ROW($A56),ROW($A$1:$A56)/($A$1:$A56<>""),$A$1:$A56), {"Monday","Tuesday","Wednesday","Thursday","Friday","Saturday"},0)+9, COLUMN()-1 ) ) & ")" )} -> SST (PR) | F56: {=IF( INDIRECT("TT_"&$B56&"!"& ADDRESS( MATCH(LOOKUP(ROW($A56),ROW($A$1:$A56)/($A$1:$A56<>""),$A$1:$A56), {"Monday","Tuesday","Wednesday","Thursday","Friday","Saturday"},0)+1, COLUMN()-1 ) )="","", INDIRECT("TT_"&$B56&"!"& ADDRESS( MATCH(LOOKUP(ROW($A56),ROW($A$1:$A56)/($A$1:$A56<>""),$A$1:$A56), {"Monday","Tuesday","Wednesday","Thursday","Friday","Saturday"},0)+1, COLUMN()-1 ) ) & " (" & INDIRECT("TT_"&$B56&"!"& ADDRESS( MATCH(LOOKUP(ROW($A56),ROW($A$1:$A56)/($A$1:$A56<>""),$A$1:$A56), {"Monday","Tuesday","Wednesday","Thursday","Friday","Saturday"},0)+9, COLUMN()-1 ) ) & ")" )} -> Dance (SL) | G56: {=IF( INDIRECT("TT_"&$B56&"!"& ADDRESS( MATCH(LOOKUP(ROW($A56),ROW($A$1:$A56)/($A$1:$A56<>""),$A$1:$A56), {"Monday","Tuesday","Wednesday","Thursday","Friday","Saturday"},0)+1, COLUMN()-1 ) )="","", INDIRECT("TT_"&$B56&"!"& ADDRESS( MATCH(LOOKUP(ROW($A56),ROW($A$1:$A56)/($A$1:$A56<>""),$A$1:$A56), {"Monday","Tuesday","Wednesday","Thursday","Friday","Saturday"},0)+1, COLUMN()-1 ) ) & " (" & INDIRECT("TT_"&$B56&"!"& ADDRESS( MATCH(LOOKUP(ROW($A56),ROW($A$1:$A56)/($A$1:$A56<>""),$A$1:$A56), {"Monday","Tuesday","Wednesday","Thursday","Friday","Saturday"},0)+9, COLUMN()-1 ) ) & ")" )} -> Maths (NG) | H56: {=IF( INDIRECT("TT_"&$B56&"!"& ADDRESS( MATCH(LOOKUP(ROW($A56),ROW($A$1:$A56)/($A$1:$A56<>""),$A$1:$A56), {"Monday","Tuesday","Wednesday","Thursday","Friday","Saturday"},0)+1, COLUMN()-1 ) )="","", INDIRECT("TT_"&$B56&"!"& ADDRESS( MATCH(LOOKUP(ROW($A56),ROW($A$1:$A56)/($A$1:$A56<>""),$A$1:$A56), {"Monday","Tuesday","Wednesday","Thursday","Friday","Saturday"},0)+1, COLUMN()-1 ) ) & " (" & INDIRECT("TT_"&$B56&"!"& ADDRESS( MATCH(LOOKUP(ROW($A56),ROW($A$1:$A56)/($A$1:$A56<>""),$A$1:$A56), {"Monday","Tuesday","Wednesday","Thursday","Friday","Saturday"},0)+9, COLUMN()-1 ) ) & ")" )} -> Science (AB) | I56: {=IF( INDIRECT("TT_"&$B56&"!"& ADDRESS( MATCH(LOOKUP(ROW($A56),ROW($A$1:$A56)/($A$1:$A56<>""),$A$1:$A56), {"Monday","Tuesday","Wednesday","Thursday","Friday","Saturday"},0)+1, COLUMN()-1 ) )="","", INDIRECT("TT_"&$B56&"!"& ADDRESS( MATCH(LOOKUP(ROW($A56),ROW($A$1:$A56)/($A$1:$A56<>""),$A$1:$A56), {"Monday","Tuesday","Wednesday","Thursday","Friday","Saturday"},0)+1, COLUMN()-1 ) ) & " (" & INDIRECT("TT_"&$B56&"!"& ADDRESS( MATCH(LOOKUP(ROW($A56),ROW($A$1:$A56)/($A$1:$A56<>""),$A$1:$A56), {"Monday","Tuesday","Wednesday","Thursday","Friday","Saturday"},0)+9, COLUMN()-1 ) ) & ")" )} -> Games (SZ) | J56: {=IF( INDIRECT("TT_"&$B56&"!"& ADDRESS( MATCH(LOOKUP(ROW($A56),ROW($A$1:$A56)/($A$1:$A56<>""),$A$1:$A56), {"Monday","Tuesday","Wednesday","Thursday","Friday","Saturday"},0)+1, COLUMN()-1 ) )="","", INDIRECT("TT_"&$B56&"!"& ADDRESS( MATCH(LOOKUP(ROW($A56),ROW($A$1:$A56)/($A$1:$A56<>""),$A$1:$A56), {"Monday","Tuesday","Wednesday","Thursday","Friday","Saturday"},0)+1, COLUMN()-1 ) ) & " (" & INDIRECT("TT_"&$B56&"!"& ADDRESS( MATCH(LOOKUP(ROW($A56),ROW($A$1:$A56)/($A$1:$A56<>""),$A$1:$A56), {"Monday","Tuesday","Wednesday","Thursday","Friday","Saturday"},0)+9, COLUMN()-1 ) ) & ")" )} -> English_Lang (RD)
B57: 7a | C57: {=IF( INDIRECT("TT_"&$B57&"!"& ADDRESS( MATCH(LOOKUP(ROW($A57),ROW($A$1:$A57)/($A$1:$A57<>""),$A$1:$A57), {"Monday","Tuesday","Wednesday","Thursday","Friday","Saturday"},0)+1, COLUMN()-1 ) )="","", INDIRECT("TT_"&$B57&"!"& ADDRESS( MATCH(LOOKUP(ROW($A57),ROW($A$1:$A57)/($A$1:$A57<>""),$A$1:$A57), {"Monday","Tuesday","Wednesday","Thursday","Friday","Saturday"},0)+1, COLUMN()-1 ) ) & " (" & INDIRECT("TT_"&$B57&"!"& ADDRESS( MATCH(LOOKUP(ROW($A57),ROW($A$1:$A57)/($A$1:$A57<>""),$A$1:$A57), {"Monday","Tuesday","Wednesday","Thursday","Friday","Saturday"},0)+9, COLUMN()-1 ) ) & ")" )} -> Maths (NG) | D57: {=IF( INDIRECT("TT_"&$B57&"!"& ADDRESS( MATCH(LOOKUP(ROW($A57),ROW($A$1:$A57)/($A$1:$A57<>""),$A$1:$A57), {"Monday","Tuesday","Wednesday","Thursday","Friday","Saturday"},0)+1, COLUMN()-1 ) )="","", INDIRECT("TT_"&$B57&"!"& ADDRESS( MATCH(LOOKUP(ROW($A57),ROW($A$1:$A57)/($A$1:$A57<>""),$A$1:$A57), {"Monday","Tuesday","Wednesday","Thursday","Friday","Saturday"},0)+1, COLUMN()-1 ) ) & " (" & INDIRECT("TT_"&$B57&"!"& ADDRESS( MATCH(LOOKUP(ROW($A57),ROW($A$1:$A57)/($A$1:$A57<>""),$A$1:$A57), {"Monday","Tuesday","Wednesday","Thursday","Friday","Saturday"},0)+9, COLUMN()-1 ) ) & ")" )} -> Skill (GA,SA,HSC) | E57: {=IF( INDIRECT("TT_"&$B57&"!"& ADDRESS( MATCH(LOOKUP(ROW($A57),ROW($A$1:$A57)/($A$1:$A57<>""),$A$1:$A57), {"Monday","Tuesday","Wednesday","Thursday","Friday","Saturday"},0)+1, COLUMN()-1 ) )="","", INDIRECT("TT_"&$B57&"!"& ADDRESS( MATCH(LOOKUP(ROW($A57),ROW($A$1:$A57)/($A$1:$A57<>""),$A$1:$A57), {"Monday","Tuesday","Wednesday","Thursday","Friday","Saturday"},0)+1, COLUMN()-1 ) ) & " (" & INDIRECT("TT_"&$B57&"!"& ADDRESS( MATCH(LOOKUP(ROW($A57),ROW($A$1:$A57)/($A$1:$A57<>""),$A$1:$A57), {"Monday","Tuesday","Wednesday","Thursday","Friday","Saturday"},0)+9, COLUMN()-1 ) ) & ")" )} -> F/S (SW,MS) | F57: {=IF( INDIRECT("TT_"&$B57&"!"& ADDRESS( MATCH(LOOKUP(ROW($A57),ROW($A$1:$A57)/($A$1:$A57<>""),$A$1:$A57), {"Monday","Tuesday","Wednesday","Thursday","Friday","Saturday"},0)+1, COLUMN()-1 ) )="","", INDIRECT("TT_"&$B57&"!"& ADDRESS( MATCH(LOOKUP(ROW($A57),ROW($A$1:$A57)/($A$1:$A57<>""),$A$1:$A57), {"Monday","Tuesday","Wednesday","Thursday","Friday","Saturday"},0)+1, COLUMN()-1 ) ) & " (" & INDIRECT("TT_"&$B57&"!"& ADDRESS( MATCH(LOOKUP(ROW($A57),ROW($A$1:$A57)/($A$1:$A57<>""),$A$1:$A57), {"Monday","Tuesday","Wednesday","Thursday","Friday","Saturday"},0)+9, COLUMN()-1 ) ) & ")" )} -> Maths (NG) | G57: {=IF( INDIRECT("TT_"&$B57&"!"& ADDRESS( MATCH(LOOKUP(ROW($A57),ROW($A$1:$A57)/($A$1:$A57<>""),$A$1:$A57), {"Monday","Tuesday","Wednesday","Thursday","Friday","Saturday"},0)+1, COLUMN()-1 ) )="","", INDIRECT("TT_"&$B57&"!"& ADDRESS( MATCH(LOOKUP(ROW($A57),ROW($A$1:$A57)/($A$1:$A57<>""),$A$1:$A57), {"Monday","Tuesday","Wednesday","Thursday","Friday","Saturday"},0)+1, COLUMN()-1 ) ) & " (" & INDIRECT("TT_"&$B57&"!"& ADDRESS( MATCH(LOOKUP(ROW($A57),ROW($A$1:$A57)/($A$1:$A57<>""),$A$1:$A57), {"Monday","Tuesday","Wednesday","Thursday","Friday","Saturday"},0)+9, COLUMN()-1 ) ) & ")" )} -> SSt (PR) | H57: {=IF( INDIRECT("TT_"&$B57&"!"& ADDRESS( MATCH(LOOKUP(ROW($A57),ROW($A$1:$A57)/($A$1:$A57<>""),$A$1:$A57), {"Monday","Tuesday","Wednesday","Thursday","Friday","Saturday"},0)+1, COLUMN()-1 ) )="","", INDIRECT("TT_"&$B57&"!"& ADDRESS( MATCH(LOOKUP(ROW($A57),ROW($A$1:$A57)/($A$1:$A57<>""),$A$1:$A57), {"Monday","Tuesday","Wednesday","Thursday","Friday","Saturday"},0)+1, COLUMN()-1 ) ) & " (" & INDIRECT("TT_"&$B57&"!"& ADDRESS( MATCH(LOOKUP(ROW($A57),ROW($A$1:$A57)/($A$1:$A57<>""),$A$1:$A57), {"Monday","Tuesday","Wednesday","Thursday","Friday","Saturday"},0)+9, COLUMN()-1 ) ) & ")" )} -> Hindi_Lit (SH) | I57: {=IF( INDIRECT("TT_"&$B57&"!"& ADDRESS( MATCH(LOOKUP(ROW($A57),ROW($A$1:$A57)/($A$1:$A57<>""),$A$1:$A57), {"Monday","Tuesday","Wednesday","Thursday","Friday","Saturday"},0)+1, COLUMN()-1 ) )="","", INDIRECT("TT_"&$B57&"!"& ADDRESS( MATCH(LOOKUP(ROW($A57),ROW($A$1:$A57)/($A$1:$A57<>""),$A$1:$A57), {"Monday","Tuesday","Wednesday","Thursday","Friday","Saturday"},0)+1, COLUMN()-1 ) ) & " (" & INDIRECT("TT_"&$B57&"!"& ADDRESS( MATCH(LOOKUP(ROW($A57),ROW($A$1:$A57)/($A$1:$A57<>""),$A$1:$A57), {"Monday","Tuesday","Wednesday","Thursday","Friday","Saturday"},0)+9, COLUMN()-1 ) ) & ")" )} -> Science (SB) | J57: {=IF( INDIRECT("TT_"&$B57&"!"& ADDRESS( MATCH(LOOKUP(ROW($A57),ROW($A$1:$A57)/($A$1:$A57<>""),$A$1:$A57), {"Monday","Tuesday","Wednesday","Thursday","Friday","Saturday"},0)+1, COLUMN()-1 ) )="","", INDIRECT("TT_"&$B57&"!"& ADDRESS( MATCH(LOOKUP(ROW($A57),ROW($A$1:$A57)/($A$1:$A57<>""),$A$1:$A57), {"Monday","Tuesday","Wednesday","Thursday","Friday","Saturday"},0)+1, COLUMN()-1 ) ) & " (" & INDIRECT("TT_"&$B57&"!"& ADDRESS( MATCH(LOOKUP(ROW($A57),ROW($A$1:$A57)/($A$1:$A57<>""),$A$1:$A57), {"Monday","Tuesday","Wednesday","Thursday","Friday","Saturday"},0)+9, COLUMN()-1 ) ) & ")" )} -> English_Lang (SW)
... B65: 11b | C65: {=IF( INDIRECT("TT_"&$B65&"!"& ADDRESS( MATCH(LOOKUP(ROW($A65),ROW($A$1:$A65)/($A$1:$A65<>""),$A$1:$A65), {"Monday","Tuesday","Wednesday","Thursday","Friday","Saturday"},0)+1, COLUMN()-1 ) )="","", INDIRECT("TT_"&$B65&"!"& ADDRESS( MATCH(LOOKUP(ROW($A65),ROW($A$1:$A65)/($A$1:$A65<>""),$A$1:$A65), {"Monday","Tuesday","Wednesday","Thursday","Friday","Saturday"},0)+1, COLUMN()-1 ) ) & " (" & INDIRECT("TT_"&$B65&"!"& ADDRESS( MATCH(LOOKUP(ROW($A65),ROW($A$1:$A65)/($A$1:$A65<>""),$A$1:$A65), {"Monday","Tuesday","Wednesday","Thursday","Friday","Saturday"},0)+9, COLUMN()-1 ) ) & ")" )} -> Accounts/HIST (SA,SS) | D65: {=IF( INDIRECT("TT_"&$B65&"!"& ADDRESS( MATCH(LOOKUP(ROW($A65),ROW($A$1:$A65)/($A$1:$A65<>""),$A$1:$A65), {"Monday","Tuesday","Wednesday","Thursday","Friday","Saturday"},0)+1, COLUMN()-1 ) )="","", INDIRECT("TT_"&$B65&"!"& ADDRESS( MATCH(LOOKUP(ROW($A65),ROW($A$1:$A65)/($A$1:$A65<>""),$A$1:$A65), {"Monday","Tuesday","Wednesday","Thursday","Friday","Saturday"},0)+1, COLUMN()-1 ) ) & " (" & INDIRECT("TT_"&$B65&"!"& ADDRESS( MATCH(LOOKUP(ROW($A65),ROW($A$1:$A65)/($A$1:$A65<>""),$A$1:$A65), {"Monday","Tuesday","Wednesday","Thursday","Friday","Saturday"},0)+9, COLUMN()-1 ) ) & ")" )} -> English (MN) | E65: {=IF( INDIRECT("TT_"&$B65&"!"& ADDRESS( MATCH(LOOKUP(ROW($A65),ROW($A$1:$A65)/($A$1:$A65<>""),$A$1:$A65), {"Monday","Tuesday","Wednesday","Thursday","Friday","Saturday"},0)+1, COLUMN()-1 ) )="","", INDIRECT("TT_"&$B65&"!"& ADDRESS( MATCH(LOOKUP(ROW($A65),ROW($A$1:$A65)/($A$1:$A65<>""),$A$1:$A65), {"Monday","Tuesday","Wednesday","Thursday","Friday","Saturday"},0)+1, COLUMN()-1 ) ) & " (" & INDIRECT("TT_"&$B65&"!"& ADDRESS( MATCH(LOOKUP(ROW($A65),ROW($A$1:$A65)/($A$1:$A65<>""),$A$1:$A65), {"Monday","Tuesday","Wednesday","Thursday","Friday","Saturday"},0)+9, COLUMN()-1 ) ) & ")" )} -> Food_P/AI/Lib_Sc (RN,AR,SP) | F65: {=IF( INDIRECT("TT_"&$B65&"!"& ADDRESS( MATCH(LOOKUP(ROW($A65),ROW($A$1:$A65)/($A$1:$A65<>""),$A$1:$A65), {"Monday","Tuesday","Wednesday","Thursday","Friday","Saturday"},0)+1, COLUMN()-1 ) )="","", INDIRECT("TT_"&$B65&"!"& ADDRESS( MATCH(LOOKUP(ROW($A65),ROW($A$1:$A65)/($A$1:$A65<>""),$A$1:$A65), {"Monday","Tuesday","Wednesday","Thursday","Friday","Saturday"},0)+1, COLUMN()-1 ) ) & " (" & INDIRECT("TT_"&$B65&"!"& ADDRESS( MATCH(LOOKUP(ROW($A65),ROW($A$1:$A65)/($A$1:$A65<>""),$A$1:$A65), {"Monday","Tuesday","Wednesday","Thursday","Friday","Saturday"},0)+9, COLUMN()-1 ) ) & ")" )} -> Food_P/AI/Lib_Sc (RN,AR,SP) | G65: {=IF( INDIRECT("TT_"&$B65&"!"& ADDRESS( MATCH(LOOKUP(ROW($A65),ROW($A$1:$A65)/($A$1:$A65<>""),$A$1:$A65), {"Monday","Tuesday","Wednesday","Thursday","Friday","Saturday"},0)+1, COLUMN()-1 ) )="","", INDIRECT("TT_"&$B65&"!"& ADDRESS( MATCH(LOOKUP(ROW($A65),ROW($A$1:$A65)/($A$1:$A65<>""),$A$1:$A65), {"Monday","Tuesday","Wednesday","Thursday","Friday","Saturday"},0)+1, COLUMN()-1 ) ) & " (" & INDIRECT("TT_"&$B65&"!"& ADDRESS( MATCH(LOOKUP(ROW($A65),ROW($A$1:$A65)/($A$1:$A65<>""),$A$1:$A65), {"Monday","Tuesday","Wednesday","Thursday","Friday","Saturday"},0)+9, COLUMN()-1 ) ) & ")" )} -> Bio/Eco/Phy_Edu (SB,SA,DV) | H65: {=IF( INDIRECT("TT_"&$B65&"!"& ADDRESS( MATCH(LOOKUP(ROW($A65),ROW($A$1:$A65)/($A$1:$A65<>""),$A$1:$A65), {"Monday","Tuesday","Wednesday","Thursday","Friday","Saturday"},0)+1, COLUMN()-1 ) )="","", INDIRECT("TT_"&$B65&"!"& ADDRESS( MATCH(LOOKUP(ROW($A65),ROW($A$1:$A65)/($A$1:$A65<>""),$A$1:$A65), {"Monday","Tuesday","Wednesday","Thursday","Friday","Saturday"},0)+1, COLUMN()-1 ) ) & " (" & INDIRECT("TT_"&$B65&"!"& ADDRESS( MATCH(LOOKUP(ROW($A65),ROW($A$1:$A65)/($A$1:$A65<>""),$A$1:$A65), {"Monday","Tuesday","Wednesday","Thursday","Friday","Saturday"},0)+9, COLUMN()-1 ) ) & ")" )} -> BSt/Pol_Sc (SA,SS) | I65: {=IF( INDIRECT("TT_"&$B65&"!"& ADDRESS( MATCH(LOOKUP(ROW($A65),ROW($A$1:$A65)/($A$1:$A65<>""),$A$1:$A65), {"Monday","Tuesday","Wednesday","Thursday","Friday","Saturday"},0)+1, COLUMN()-1 ) )="","", INDIRECT("TT_"&$B65&"!"& ADDRESS( MATCH(LOOKUP(ROW($A65),ROW($A$1:$A65)/($A$1:$A65<>""),$A$1:$A65), {"Monday","Tuesday","Wednesday","Thursday","Friday","Saturday"},0)+1, COLUMN()-1 ) ) & " (" & INDIRECT("TT_"&$B65&"!"& ADDRESS( MATCH(LOOKUP(ROW($A65),ROW($A$1:$A65)/($A$1:$A65<>""),$A$1:$A65), {"Monday","Tuesday","Wednesday","Thursday","Friday","Saturday"},0)+9, COLUMN()-1 ) ) & ")" )} -> Maths/Music/Hindi (AG,MG,MS) | J65: {=IF( INDIRECT("TT_"&$B65&"!"& ADDRESS( MATCH(LOOKUP(ROW($A65),ROW($A$1:$A65)/($A$1:$A65<>""),$A$1:$A65), {"Monday","Tuesday","Wednesday","Thursday","Friday","Saturday"},0)+1, COLUMN()-1 ) )="","", INDIRECT("TT_"&$B65&"!"& ADDRESS( MATCH(LOOKUP(ROW($A65),ROW($A$1:$A65)/($A$1:$A65<>""),$A$1:$A65), {"Monday","Tuesday","Wednesday","Thursday","Friday","Saturday"},0)+1, COLUMN()-1 ) ) & " (" & INDIRECT("TT_"&$B65&"!"& ADDRESS( MATCH(LOOKUP(ROW($A65),ROW($A$1:$A65)/($A$1:$A65<>""),$A$1:$A65), {"Monday","Tuesday","Wednesday","Thursday","Friday","Saturday"},0)+9, COLUMN()-1 ) ) & ")" )} -> BSt/Pol_Sc (SA,SS)
